|,|__city,|__theater,|__zip,|__critic_rating,|__genre,|__state,|__starttime,|__date,|__moviename,|__other,|__mpaa_rating,|__numberofkids,|__theater_chain,|__video_format,|__distanceconstraints,|__actor,|__price,|__actress
0L,hamilton,manville 12 plex,8835,good,comedy,nj,10:30am,tomorrow,zootopia,,,,,,,,,
1L,manville,manville 12 plex,8835,good,comedy,nj,10:30am,tomorrow,zootopia,,,,,,,,,
2L,bridgewater,manville 12 plex,8835,good,comedy,nj,10:30am,tomorrow,zootopia,,,,,,,,,
3L,hamilton,amc dine-in theatres bridgewater 7,8835,good,comedy,nj,10:30am,tomorrow,zootopia,,,,,,,,,
4L,manville,amc dine-in theatres bridgewater 7,8835,good,comedy,nj,10:30am,tomorrow,zootopia,,,,,,,,,
5L,seattle,every single theatre,98004,,,washington,,this weekend,kung fu panda 3,not available,pg,,,,,,,
6L,bellevue,every single theatre,98004,,,washington,,this weekend,kung fu panda 3,not available,pg,,,,,,,
7L,seattle,bellevue lincoln square cinemas,98004,,,washington,,this weekend,kung fu panda 3,not available,pg,,,,,,,
8L,bellevue,bellevue lincoln square cinemas,98004,,,washington,,this weekend,kung fu panda 3,not available,pg,,,,,,,
9L,seattle,regal meridian 16,98004,,,washington,,this weekend,kung fu panda 3,not available,pg,,,,,,,
10L,seattle,regal meridian 16,98101,,,wa,6:30pm,tonight,zootopia,movie assistant number,,two,regal meridian,,,,,
11L,bellevue,regal meridian 16,98101,,,wa,6:30pm,tonight,zootopia,movie assistant number,,two,regal meridian,,,,,
12L,seattle,bellevue lincoln square cinemas,98101,,,wa,6:30pm,tonight,zootopia,movie assistant number,,two,regal meridian,,,,,
13L,bellevue,bellevue lincoln square cinemas,98101,,,wa,6:30pm,tonight,zootopia,movie assistant number,,two,regal meridian,,,,,
14L,seattle,regal meridian,98101,,,wa,6:30pm,tonight,zootopia,movie assistant number,,two,regal meridian,,,,,
15L,birmingham,carmike summit 16,,,,al,around 2pm,today,zootopia,,,,,,,,,
16L,birmingham,carmike summit,,,,al,around 2pm,today,zootopia,,,,,,,,,
17L,birmingham,carmike summit 16,,,,al,1:30,today,zootopia,,,,,,,,,
18L,birmingham,carmike summit,,,,al,1:30,today,zootopia,,,,,,,,,
19L,birmingham,carmike summit 16,,,,al,4:00,today,zootopia,,,,,,,,,
20L,san francisco,century centre 9,,,,,night,tomorrow,How to be single,,,,,,,,,
21L,san francisco,Redwood City 20,,,,,night,tomorrow,How to be single,,,,,,,,,
22L,san francisco,century centre 9,,,,,11:05am,tomorrow,How to be single,,,,,,,,,
23L,san francisco,Redwood City 20,,,,,11:05am,tomorrow,How to be single,,,,,,,,,
24L,san francisco,century centre 9,,,,,1:45pm,tomorrow,How to be single,,,,,,,,,
25L,seattle,many,,,,,latest showing,tonight,london has fallen,search theater,,,,,,,,
26L,seattle,regal meridian 16,,,,,latest showing,tonight,london has fallen,search theater,,,,,,,,
27L,seattle,many,,,,,latest showing,tonight,whiskey tango foxtrot,search theater,,,,,,,,
28L,seattle,regal meridian 16,,,,,latest showing,tonight,whiskey tango foxtrot,search theater,,,,,,,,
29L,seattle,many,,,,,latest showing,tonight,zootopia,search theater,,,,,,,,
30L,seattle,amc pacific place 11,,,,,9:00 PM,tomorrow,deadpool,,,,,,,,,
31L,birmingham,carmike summit 16,,,,al,around 6pm,today,deadpool,,,,,,,,,
32L,birmingham,carmike summit 16,,,,al,7:20,today,deadpool,,,,,,,,,
33L,seattle,regal meridian 16,,,,,9:10 PM,tomorrow,zootopia,,,,,,,,,
34L,seattle,regal meridian 16,,,,,8:45 PM,tomorrow,hail caesar,,,,,,,,,
35L,seattle,regal meridian 16,,,,,8:45,tomorrow,hail caesar,,,,,,,,,
36L,portland,regal lloyd center 10,,,,oregon,10:00 PM,friday,star wars,,,,,,,,,
37L,portland,regal lloyd center 10,,,,oregon,9:50 PM,friday,star wars,,,,,,,,,
38L,birmingham,carmike 16,,,kid,al,around 3 pm,tomorrow,zootopia,,,,,3d,,,,
39L,birmingham,carmike 16,,,kid,al,around 3 pm,tomorrow,zootopia,,,,,standard,,,,
40L,birmingham,carmike 16,,,kid,al,12pm,tomorrow,zootopia,,,,,3d,,,,
41L,birmingham,carmike 16,,,kid,al,12pm,tomorrow,zootopia,,,,,standard,,,,
42L,birmingham,carmike 16,,,kid,al,around 3 pm,tomorrow, kung fu panda 3,,,,,3d,,,,
43L,seattle,amc pacific place 11 theater,,,,,9:30 PM,tomorrow,room,,,,,,,,,
44L,,river east 21,,,,,night,saturday,zootopia,cannot book,,,amc,2d,,,,
45L,,river east 21,,,,,night,saturday,zootopia,cannot book,,,amc,3d,,,,
46L,,river east 21,,,,,night,tomorrow,zootopia,cannot book,,,amc,2d,,,,
47L,,river east 21,,,,,night,tomorrow,zootopia,cannot book,,,amc,3d,,,,
48L,,river east 21,,,,,6pm,saturday,zootopia,cannot book,,,amc,2d,,,,
49L,seattle,regal meridian 16,,,,,9:30 PM,tomorrow,the witch,,,,,,,,,
50L,royal oak,emagine theater,48071,,,mi,10:05am#12:30pm#2:55pm#5:30pm#8:00pm#10:40pm,11-Mar,deadpool,,,,,,closest,,,
51L,Royal Oak,emagine theater,48071,,,mi,10:05am#12:30pm#2:55pm#5:30pm#8:00pm#10:40pm,11-Mar,deadpool,,,,,,closest,,,
52L,madison heights,emagine theater,48071,,,mi,10:05am#12:30pm#2:55pm#5:30pm#8:00pm#10:40pm,11-Mar,deadpool,,,,,,closest,,,
53L,royal oak,emagine,48071,,,mi,10:05am#12:30pm#2:55pm#5:30pm#8:00pm#10:40pm,11-Mar,deadpool,,,,,,closest,,,
54L,Royal Oak,emagine,48071,,,mi,10:05am#12:30pm#2:55pm#5:30pm#8:00pm#10:40pm,11-Mar,deadpool,,,,,,closest,,,
55L,detroit,,,,,,7pm,,independce day,servicing tickets,,,,,,,,
56L,des moines,any,,,,iowa,around 7pm,now,zootopia#kung fu panda 3,,rated pg,,,,,,,
57L,des moines,FLIX BREWHOUSE DES MOINES,,,,iowa,around 7pm,now,zootopia#kung fu panda 3,,rated pg,,,,,,,
58L,des moines,CARMIKE COBBLESTONE 9,,,,iowa,around 7pm,now,zootopia#kung fu panda 3,,rated pg,,,,,,,
59L,des moines,any,,,,iowa,around 7pm,tomorrow,zootopia#kung fu panda 3,,rated pg,,,,,,,
60L,des moines,FLIX BREWHOUSE DES MOINES,,,,iowa,around 7pm,tomorrow,zootopia#kung fu panda 3,,rated pg,,,,,,,
61L,johnstown,cinemas,,,,pennsylvania,earliest showing,tomorrow afternoon,zootopia,,,,,standard/2D version,,,,
62L,johnstown,cinemas,,,,pennsylvania,earliest showing,tomorrow afternoon,zootopia,,,,,3d,,,,
63L,johnstown,cinemas,,,,pennsylvania,earliest showing,tomorrow afternoon,zootopia,,,,,standard,,,,
64L,johnstown,cinemas,,,,pennsylvania,12:45pm,tomorrow afternoon,zootopia,,,,,standard/2D version,,,,
65L,johnstown,cinemas,,,,pennsylvania,12:45pm,tomorrow afternoon,zootopia,,,,,3d,,,,
66L,seattle,regal meridian 16,,,,,9:30 PM,tomorrow,the witch,,,,,,,,,
67L,,,,84 percent,action,,,,Deadpool,rotten tomatoes,,,,,,ryan reynolds,,
68L,,,,84 percent,violence,,,,Deadpool,rotten tomatoes,,,,,,ryan reynolds,,
69L,,,,93 of audience,action,,,,Deadpool,rotten tomatoes,,,,,,ryan reynolds,,
70L,,,,93 of audience,violence,,,,Deadpool,rotten tomatoes,,,,,,ryan reynolds,,
71L,,,,84 percent,action,,,,London has fallen,rotten tomatoes,,,,,,ryan reynolds,,
72L,visalia,regal visalia stadium 10,,,,california,12:35pm,12-Mar,london has fallen,,,,,,,,,
73L,visalia,regal visalia stadium 10,,,,california, 4:05pm,12-Mar,london has fallen,,,,,,,,,
74L,visalia,regal visalia stadium 10,,,,california, 7:05pm,12-Mar,london has fallen,,,,,,,,,
75L,visalia,regal visalia stadium 10,,,,california, 9:55pm,12-Mar,london has fallen,,,,,,,,,
76L,visalia,regal visalia stadium 10,,,,california,7:05 PM,12-Mar,london has fallen,,,,,,,,,
77L,,,,,,,,,,pub serves good burgers,,,,,near the space needle,,,
78L,seattle,amc pacific place 11,98101,,,wa,night,Friday,10 cloverfield lane,serves seafood,,,,,area,,,
79L,bellevue,amc pacific place 11,98101,,,wa,night,Friday,10 cloverfield lane,serves seafood,,,,,area,,,
80L,seattle,bellevue lincoln square cinemas,98101,,,wa,night,Friday,10 cloverfield lane,serves seafood,,,,,area,,,
81L,bellevue,bellevue lincoln square cinemas,98101,,,wa,night,Friday,10 cloverfield lane,serves seafood,,,,,area,,,
82L,seattle,amc pacific place 11,98004,,,wa,night,Friday,10 cloverfield lane,serves seafood,,,,,area,,,
83L,boston,amc loews boston common 19,,,,ma,8pm,saturday,lolo,,,,,,nearest,,,
84L,boston,amc loews boston common 19,,,,ma,8:20,saturday,lolo,,,,,,nearest,,,
85L,boston,amc loews boston common 19,,,,ma,8pm,saturday,deadpool,,,,,,nearest,,,
86L,boston,amc loews boston common 19,,,,ma,8:20,saturday,deadpool,,,,,,nearest,,,
87L,bellevue,bellevue lincoln square cinemas,98004,,superhero,washington,8:15pm,tonight,deadpool,,,,,,near 98119,ryan reynolds,,
88L,bellevue,amc pacific place 11,98004,,superhero,washington,8:15pm,tonight,deadpool,,,,,,near 98119,ryan reynolds,,
89L,bellevue,bellevue lincoln square cinemas,98004,,superhero,wa,8:15pm,tonight,deadpool,,,,,,near 98119,ryan reynolds,,
90L,bellevue,amc pacific place 11,98004,,superhero,wa,8:15pm,tonight,deadpool,,,,,,near 98119,ryan reynolds,,
91L,seattle,amc pacific place 11,98101,best,romance,washington,between 9 and 10,tonight,how to be single,date,,,,,,,,
92L,seattle,amc pacific place 11,98101,best,romance,wa,between 9 and 10,tonight,how to be single,date,,,,,,,,
93L,seattle,amc pacific place 11,98101,best,romance,washington,7:20,tonight,how to be single,date,,,,,,,,
94L,seattle,amc pacific place 11,98101,best,romance,wa,7:20,tonight,how to be single,date,,,,,,,,
95L,seattle,amc pacific place 11,98101,best,romance,washington,10:20,tonight,how to be single,date,,,,,,,,
96L,carbondale,amc showplace carbondale 8,,,thriller,illinois,night,tuesday,the witch#the other side of the door#the boy,scary,,,,,,,,
97L,carbondale,amc showplace carbondale 8,,,thriller,illinois,after 7pm,tuesday,the witch#the other side of the door#the boy,scary,,,,,,,,
98L,carbondale,amc showplace carbondale 8,,,thriller,illinois,4:40 PM,tuesday,the witch#the other side of the door#the boy,scary,,,,,,,,
99L,carbondale,amc showplace carbondale 8,,,thriller,illinois,before dinner,tuesday,the witch#the other side of the door#the boy,scary,,,,,,,,
100L,carbondale,amc showplace carbondale 8,,,thriller,illinois,night,tuesday,the other side of the door,scary,,,,,,,,
101L,seattle,amc lowes oak tree,,,,,7:10 PM,tomorrow,triple 9,,,,,,,,,
102L,seattle,amc lowes oak tree 6,,,,,7:10 PM,tomorrow,triple 9,,,,,,,,,
103L,seattle,regal meridian 16,,,,,9:10 PM,tomorrow,zootopia,,,,,,,,,
104L,,royal oak emagine theater,,,,,betwenn 8-10 pm,,deadpool,,,,,,,,,
105L,birmingham,carmike summit 16,,,,al,4:00 PM,today,deadpool,,,,,,closest time,,,
106L,birmingham,carmike summit 16,,,,al,4:20,today,deadpool,,,,,,closest time,,,
107L,birmingham,carmike summit 16,,,,al,4:20pm,today,deadpool,,,,,,closest time,,,
108L,los angeles,Regal LA LIVE Stadium 14,,,,,from noon to 4pm,tonight,The Witch,,,,,,,,,
109L,los angeles,regal la live stadium,,,,,from noon to 4pm,tonight,The Witch,,,,,,,,,
110L,los angeles,Regal LA LIVE Stadium 14,,,,,8:30pm,tonight,The Witch,,,,,,,,,
111L,los angeles,regal la live stadium,,,,,8:30pm,tonight,The Witch,,,,,,,,,
112L,los angeles,Regal LA LIVE Stadium 14,,,,,11:00pm,tonight,The Witch,,,,,,,,,
113L,seattle,regal meridian 16,,,,,8:45 PM,tomorrow,the big short,,,,,,,,,
114L,,Big Picture,,,,,,,,restaurant,,,,,space needle,,,
115L,,Big Picture,,,,,,,,beer,,,,,space needle,,,
116L,,Cinerama,,,,,,,,restaurant,,,,,space needle,,,
117L,,Cinerama,,,,,,,,beer,,,,,space needle,,,
118L,,Central Cinema,,,,,,,,restaurant,,,,,space needle,,,
119L,seattle,regal meridian 16,,,,,8:45 PM,tomorrow,the big short,,,,,,,,,
120L,detroit,,,,action,,around 7pm,tonight,gods of egypt,,pg13,,,,,,,
121L,detroit,,,,action,,around 7pm,tonight,gods of egypt,,pg-13,,,,,,,
122L,detroit,,,,action,,around 7pm,tonight,star wars,,pg13,,,,,,,
123L,detroit,,,,action,,around 7pm,tonight,star wars,,pg-13,,,,,,,
124L,seattle,regal meridian 16,,,,,9:10 PM,tomorrow,zootopia,,,,,,,,,
125L,stony brook,,,,,ny, Matinee,saturday, Young Messiah,,,1,amc loews stony brook 17,,,,,
126L,stony brook,,,,,ny,11:05am,saturday, Young Messiah,,,1,amc loews stony brook 17,,,,,
127L,stony brook,,,,,ny,1:45pm,saturday, Young Messiah,,,1,amc loews stony brook 17,,,,,
128L,stony brook,,,,,ny, Matinee,saturday,The Young Messiah,,,1,amc loews stony brook 17,,,,,
129L,stony brook,,,,,ny,11:05am,saturday,The Young Messiah,,,1,amc loews stony brook 17,,,,,
130L,,century rowland plaza,94952,,,,4pm to 7pm,next friday,eddie the eagle,,,,,,,,,
131L,,the century rowland plaza,94952,,,,4pm to 7pm,next friday,eddie the eagle,,,,,,,,,
132L,,century rowland plaza,94952,,,,4:20pm,next friday,eddie the eagle,,,,,,,,,
133L,,the century rowland plaza,94952,,,,4:20pm,next friday,eddie the eagle,,,,,,,,,
134L,,century rowland plaza,94952,,,,6:55pm,next friday,eddie the eagle,,,,,,,,,
135L,,regency commerce 14,,,,,11:50am,tomorrow,risen,,,,,,,,,
136L,,regency commerce 14,,,,,2:30pm,tomorrow,risen,,,,,,,,,
137L,,regency commerce 14,,,,,5:10,tomorrow,risen,,,,,,,,,
138L,,regency commerce 14,,,,,7:50,tomorrow,risen,,,,,,,,,
139L,,regency commerce 14,,,,,10:25,tomorrow,risen,,,,,,,,,
140L,seattle,regal meridian 16,,,,,9:25 PM,tomorrow,zoolander 2,,,,,,,,,
141L,seattle,amc pacific place 11 theater,,,,,9:00 PM,tomorrow,deadpool,,,,,,,,,
142L,seattle,many,,,,,around 2pm,saturday,zootopia,,,,,,east side,,,
143L,seattle,bellevue lincoln square cinemas,,,,,around 2pm,saturday,zootopia,,,,,,east side,,,
144L,seattle,bellevue lincoln square,,,,,around 2pm,saturday,zootopia,,,,,,east side,,,
145L,seattle,many,,,,,2:35 PM,saturday,zootopia,,,,,,east side,,,
146L,seattle,bellevue lincoln square cinemas,,,,,2:35 PM,saturday,zootopia,,,,,,east side,,,
147L,seattle,regal meridian 16,,,,,9:30 PM,tomorrow,the witch,,,,,,,,,
148L,tampa,amc west shore 14 210 Westshore Plaza,,,,fl,afternoon,saturday,zootopia,,,,,3d,,,,
149L,tampa,amc west shore 14 210 Westshore Plaza,,,,fl,afternoon,saturday,zootopia,,,,,standard,,,,
150L,tampa,amc west shore 14 210 Westshore Plaza,,,,fl,10:00am,saturday,zootopia,,,,,3d,,,,
151L,tampa,amc west shore 14 210 Westshore Plaza,,,,fl,10:00am,saturday,zootopia,,,,,standard,,,,
152L,tampa,amc west shore 14 210 Westshore Plaza,,,,fl,12:45pm,saturday,zootopia,,,,,3d,,,,
153L,seattle,bellevue lincoln square cinemas,98004,good place,,wa,10:00am,weekend,zootopia,restaurant,,,,,downtown,,,
154L,bellevue,bellevue lincoln square cinemas,98004,good place,,wa,10:00am,weekend,zootopia,restaurant,,,,,downtown,,,
155L,seattle,pacific science center imax theaters,98004,good place,,wa,10:00am,weekend,zootopia,restaurant,,,,,downtown,,,
156L,bellevue,pacific science center imax theaters,98004,good place,,wa,10:00am,weekend,zootopia,restaurant,,,,,downtown,,,
157L,seattle,bellevue lincoln square cinemas,98109,good place,,wa,10:00am,weekend,zootopia,restaurant,,,,,downtown,,,
158L,birmingham,carmike summit 16,35243,most scene,action,al,10:00am,saturday,zootopia,,pg,,,,,,,
159L,hoover,carmike summit 16,35243,most scene,action,al,10:00am,saturday,zootopia,,pg,,,,,,,
160L,birmingham,carmike patton creek,35243,most scene,action,al,10:00am,saturday,zootopia,,pg,,,,,,,
161L,hoover,carmike patton creek,35243,most scene,action,al,10:00am,saturday,zootopia,,pg,,,,,,,
162L,birmingham,carmike summit 16,35244,most scene,action,al,10:00am,saturday,zootopia,,pg,,,,,,,
163L,seattle,regal meridian sundance cinemas,,,drama,,,,eddie the eagle,,,,,,,,,
164L,seattle,regal meridian sundance cinemas,,,drama,,,,the big short,,,,,,,,,
165L,seattle,regal thornton place,,,drama,,,,eddie the eagle,,,,,,,,,
166L,seattle,regal thornton place,,,drama,,,,the big short,,,,,,,,,
167L,,,,,,,,,Avengers,,,,,,,,,
168L,,,,,,,,,Finding Dory,,,,,,,,,
169L,Sacramento,REGAL NATOMAS MARKETPLACE STADIUM 16 & RPX,,,,ca,morning,tomorrow,zoology,,,,,3d,close to 95833,,,
170L,Sacramento,Regal Natomas Marketplace,,,,ca,morning,tomorrow,zoology,,,,,3d,close to 95833,,,
171L,Sacramento,REGAL NATOMAS MARKETPLACE STADIUM 16 & RPX,,,,ca,morning,tomorrow,zoology,,,,,standard,close to 95833,,,
172L,Sacramento,Regal Natomas Marketplace,,,,ca,morning,tomorrow,zoology,,,,,standard,close to 95833,,,
173L,Sacramento,REGAL NATOMAS MARKETPLACE STADIUM 16 & RPX,,,,ca,morning,tomorrow,zoology,,,,,IMAX,close to 95833,,,
174L,seattle,amc pacific place 11,,,,,10pm,tonight,deadpool,,,,,,,,,
175L,seattle,amc pacific place 11,,,,,10pm,tomorrow,deadpool,,,,,,,,,
176L,seattle,amc pacific place 11,,,,,10:00 PM,tonight,deadpool,,,,,,,,,
177L,seattle,amc pacific place 11,,,,,10:00 PM,tomorrow,deadpool,,,,,,,,,
178L,,,,,,,,march 24th,batman,mexican restaurant,,,,,,,,
179L,,,,,,,,openingnight,batman,mexican restaurant,,,,,,,,
180L,,,,,,,, a different day,batman,mexican restaurant,,,,,,,,
181L,,,,,,,,march 24th,batman vs superman,mexican restaurant,,,,,,,,
182L,,,,,,,,openingnight,batman vs superman,mexican restaurant,,,,,,,,
183L,seattle,amc lowes oak tree 6,,,,,4:50 PM,tomorrow,race,,,,,,,,,
184L,hamilton,amc hamilton 24,,,,nj,7pm,tomorrow,deadpool,,,,amc hamilton 24,,,,,
185L,hamilton,amc hamilton 24,,,,nj,7:05,tomorrow,deadpool,,,,amc hamilton 24,,,,,
186L,seattle,amc lowes oak tree 6,,,,,7:15 PM,tomorrow,hail caesar,,,,,,,,,
187L,birmingham,carmike summit 16,,,,al,around 4pm,today,zootopia,,,,,3d,,,,
188L,birmingham,carmike summit 16,,,,al,around 4pm,today,zootopia,,,,,standard,,,,
189L,birmingham,carmike summit 16,,,,al,4:00 PM,today,zootopia,,,,,3d,,,,
190L,birmingham,carmike summit 16,,,,al,4:00 PM,today,zootopia,,,,,standard,,,,
191L,seattle,regal meridan 16,,,,wa,night,tomorrow,zootopia,,,no,,regular,,,,
192L,seattle,bellevue lincoln square cinemas,,,,wa,night,tomorrow,zootopia,,,no,,regular,,,,
193L,seattle,pacific science center imax theaters,,,,wa,night,tomorrow,zootopia,,,no,,regular,,,,
194L,seattle,regal meridan 16,,,,wa,night,tomorrow,zootopia,,,no,,3d,,,,
195L,seattle,bellevue lincoln square cinemas,,,,wa,night,tomorrow,zootopia,,,no,,3d,,,,
196L,seattle,elmwood palace 20,70070,number 1,funny,,5pm,tomorrow,zootopia,,,,amc,,,,,
197L,seattle,elmwood palace 20,70070,number 1,funny,,5:00 PM,tomorrow,zootopia,,,,amc,,,,,
198L,seattle,elmwood palace 20,70070,number 1,comedy,,5pm,tomorrow,zootopia,,,,amc,,,,,
199L,seattle,elmwood palace 20,70070,number 1,comedy,,5:00 PM,tomorrow,zootopia,,,,amc,,,,,
200L,nashville,regal hollywood stadium 27,,,,tn,around 8 pm,tomorrow evening,revenant,,,,,,,,,
201L,nashville,regal hollywood stadium 27,,,,tn,7:50pm,tomorrow evening,revenant,,,,,,,,,
202L,Seattle,,,,,,7:00 PM,tomorrow,,best restaurant,,,amc pacific place 11,,,,,
203L,seattle,,,,,,7:00 PM,tomorrow,,best restaurant,,,amc pacific place 11,,,,,
204L,st louis,chase park plaza cinemas,,4.5/5,kids,,afternoon,thursday,zootopia,,pg,2,,,,,,
205L,st louis,chase park plaza cinemas,,4.5/5,kids,,11:00am,thursday,zootopia,,pg,2,,,,,,
206L,st louis,chase park plaza cinemas,,4.5/5,kids,,1:30pm,thursday,zootopia,,pg,2,,,,,,
207L,st louis,chase park plaza cinemas,,4.5/5,kids,,4pm,thursday,zootopia,,pg,2,,,,,,
208L,st louis,chase park plaza cinemas,,4.5/5,kids,,130pm,thursday,zootopia,,pg,2,,,,,,
209L,whittier village stadium cinemas,,90601,top rated,action,,closest to noon,next saturday,london has fallen,,,,,,closest,,,
210L,whittier village stadium cinemas,,90601,top rated,action,,closest to noon,March 12th,london has fallen,,,,,,closest,,,
211L,whittier village stadium cinemas,,90601,top rated,action,,1:30pm,next saturday,london has fallen,,,,,,closest,,,
212L,whittier village stadium cinemas,,90601,top rated,action,,1:30pm,March 12th,london has fallen,,,,,,closest,,,
213L,seattle,regal meridian 16,,,,,9:25 PM,tomorrow,zoolander 2,,,,,,,,,
214L,seattle,regal lloyd center century eastport 16,,,,oregon,late showing,tonight,star wars the force awakens,japanese restaurant,,,,,,,,
215L,southeast portland,regal lloyd center century eastport 16,,,,oregon,late showing,tonight,star wars the force awakens,japanese restaurant,,,,,,,,
216L,portland,regal lloyd center century eastport 16,,,,oregon,late showing,tonight,star wars the force awakens,japanese restaurant,,,,,,,,
217L,seattle,regal movies on tv stadium 16,,,,oregon,late showing,tonight,star wars the force awakens,japanese restaurant,,,,,,,,
218L,southeast portland,regal movies on tv stadium 16,,,,oregon,late showing,tonight,star wars the force awakens,japanese restaurant,,,,,,,,
219L,seattle,regal meridian 16,98101,,,wa,4:10&&7:00&&9:50pm,tonight,zootopia,,,,,2d,,,,
220L,bellevue,regal meridian 16,98101,,,wa,4:10&&7:00&&9:50pm,tonight,zootopia,,,,,2d,,,,
221L,seattle,bellevue lincoln square cinemas,98101,,,wa,4:10&&7:00&&9:50pm,tonight,zootopia,,,,,2d,,,,
222L,bellevue,bellevue lincoln square cinemas,98101,,,wa,4:10&&7:00&&9:50pm,tonight,zootopia,,,,,2d,,,,
223L,seattle,regal meridian 16,98004,,,wa,4:10&&7:00&&9:50pm,tonight,zootopia,,,,,2d,,,,
224L,seattle,amc pacific place 11,,,,,10pm,tonight,deadpool,,,,,,,,,
225L,seattle,amc pacific place 11,,,,,10pm,tomorrow,deadpool,,,,,,,,,
226L,seattle,amc pacific place 11,,,,,10:00 PM,tonight,deadpool,,,,,,,,,
227L,seattle,amc pacific place 11,,,,,10:00 PM,tomorrow,deadpool,,,,,,,,,
228L,,,,,,,,,,pub,,,,,near space needle,,,
229L,birmingham,carmike summit 16,,,,al,2pm,saturday,deadpool,,,,,,,,,
230L,birmingham,carmike summit 16,,,,al,2:20 PM,saturday,deadpool,,,,,,,,,
231L,seattle,bellevue lincoln square cinemas,98004,good,,wa,10:00am,last weekend,zootopia,restaurant,best,,,,downtown,,,
232L,bellevue,bellevue lincoln square cinemas,98004,good,,wa,10:00am,last weekend,zootopia,restaurant,best,,,,downtown,,,
233L,seattle,pacific science center imax theaters,98004,good,,wa,10:00am,last weekend,zootopia,restaurant,best,,,,downtown,,,
234L,bellevue,pacific science center imax theaters,98004,good,,wa,10:00am,last weekend,zootopia,restaurant,best,,,,downtown,,,
235L,seattle,bellevue lincoln square cinemas,98109,good,,wa,10:00am,last weekend,zootopia,restaurant,best,,,,downtown,,,
236L,miami,Regal South Beach,,,,florida,around 9pm,tonight,whiskey tango foxtrot,,,,,,south beach,,,
237L,miami,Cinepolis USA,,,,florida,around 9pm,tonight,whiskey tango foxtrot,,,,,,south beach,,,
238L,miami,Cobb Dolphin Cinemas,,,,florida,around 9pm,tonight,whiskey tango foxtrot,,,,,,south beach,,,
239L,miami,cobb dolphin cinemas,,,,florida,around 9pm,tonight,whiskey tango foxtrot,,,,,,south beach,,,
240L,miami,Regal South Beach,,,,florida,9pm,tonight,whiskey tango foxtrot,,,,,,south beach,,,
241L,seattle,amc southcenter 16,,,action,,9:30 PM,this weekend,london has fallen,number 1,,,amc,,,,,
242L,seattle,amc southcenter 16,,,action,,9:30 PM,this weekend,london has fallen,number 1,,,regency,,,,,
243L,seattle,amc southcenter 16,,,action,,9:30 PM,this week,london has fallen,number 1,,,amc,,,,,
244L,seattle,amc southcenter 16,,,action,,9:30 PM,this week,london has fallen,number 1,,,regency,,,,,
245L,seattle,amc southcenter 16,,,action,,9:30 PM,wednesday,london has fallen,number 1,,,amc,,,,,
246L,chicago,,,,scary,il,,,the other side of the door,,,,,,,,,
247L,chicago,,,,scary,il,,,the witch,,,,,,,,,
248L,nyc,ua kaufman astoria stadium 14,10035,,horror,,7:00pm,today,TheWitch,,,,,,,,,
249L,nyc,ua kaufman astoria stadium 14,10035,,horror,,8:40pm,today,TheWitch,,,,,,,,,
250L,nyc,ua kaufman astoria stadium 14,10035,,horror,,7:00pm,today,The Other Side of The Door,,,,,,,,,
251L,nyc,ua kaufman astoria stadium 14,10035,,horror,,8:40pm,today,The Other Side of The Door,,,,,,,,,
252L,nyc,ua kaufman astoria stadium 14,10035,,horror,,7:00pm,today,the other side of the door,,,,,,,,,
253L,sacramento,regal theater,,,,,around 7 pm,tomorrow,gods of egypt,,,,,standard,,,,
254L,sacramento,the Holiday 6,,,,,around 7 pm,tomorrow,gods of egypt,,,,,standard,,,,
255L,sacramento, the Stadium 5,,,,,around 7 pm,tomorrow,gods of egypt,,,,,standard,,,,
256L,sacramento,the Natomas Marketplace Stadium,,,,,around 7 pm,tomorrow,gods of egypt,,,,,standard,,,,
257L,sacramento,Natomas Marketplace Stadium,,,,,around 7 pm,tomorrow,gods of egypt,,,,,standard,,,,
258L,johnstown,richland cinemas,,good,comedy,pa,latest showing,now,deadpool,,,,amc loews waterfront 22,,,,,
259L,pittsburgh,richland cinemas,,good,comedy,pa,latest showing,now,deadpool,,,,amc loews waterfront 22,,,,,
260L,johnstown,this theater,,good,comedy,pa,latest showing,now,deadpool,,,,amc loews waterfront 22,,,,,
261L,pittsburgh,this theater,,good,comedy,pa,latest showing,now,deadpool,,,,amc loews waterfront 22,,,,,
262L,johnstown,amc loews waterfront 22,,good,comedy,pa,latest showing,now,deadpool,,,,amc loews waterfront 22,,,,,
263L,atlanta,amc phipps plaza 14,30326,,horror,ga,8pm,03\/15\/2016,the witch,switch cities,,,,,near,,,
264L,south barrington,amc phipps plaza 14,30326,,horror,ga,8pm,03\/15\/2016,the witch,switch cities,,,,,near,,,
265L,atlanta,AMC SOUTH BARRINGTON 30,30326,,horror,ga,8pm,03\/15\/2016,the witch,switch cities,,,,,near,,,
266L,south barrington,AMC SOUTH BARRINGTON 30,30326,,horror,ga,8pm,03\/15\/2016,the witch,switch cities,,,,,near,,,
267L,atlanta,amc phipps plaza 14,30326,,horror,ga,8pm,03\/15\/2016,the witch,switch cities,,,,,south barrington,,,
268L,los angeles,regal la live stadium 14,90015,,,ca,11:45am,tomorrow,10 cloverfield lane,,,,,,nearest,,,
269L,los angeles,pacific theatres at the grove,90015,,,ca,11:45am,tomorrow,10 cloverfield lane,,,,,,nearest,,,
270L,los angeles,regal la stadium 14,90015,,,ca,11:45am,tomorrow,10 cloverfield lane,,,,,,nearest,,,
271L,los angeles,regal la,90015,,,ca,11:45am,tomorrow,10 cloverfield lane,,,,,,nearest,,,
272L,los angeles,regal la live stadium 14,90036,,,ca,11:45am,tomorrow,10 cloverfield lane,,,,,,nearest,,,
273L,seattle,regal meridian 16,,good,,wa,around 8 pm,tomorrow,zootopia,restaurant,,,,3d,near me,,,
274L,seattle,bellevue lincoln square cinemas,,good,,wa,around 8 pm,tomorrow,zootopia,restaurant,,,,3d,near me,,,
275L,seattle,varsity theater,,good,,wa,around 8 pm,tomorrow,zootopia,restaurant,,,,3d,near me,,,
276L,seattle,regal meridian 16,,good,,wa,around 8 pm,tomorrow,zootopia,restaurant,,,,regular,near me,,,
277L,seattle,bellevue lincoln square cinemas,,good,,wa,around 8 pm,tomorrow,zootopia,restaurant,,,,regular,near me,,,
278L,seattle,theaters all over,98101,,,wa,around 6 pm,this evening,zootopia,,,,,2d,south side,,,
279L,over seattle,theaters all over,98101,,,wa,around 6 pm,this evening,zootopia,,,,,2d,south side,,,
280L,bellevue,theaters all over,98101,,,wa,around 6 pm,this evening,zootopia,,,,,2d,south side,,,
281L,seattle,regal meridian 16,98101,,,wa,around 6 pm,this evening,zootopia,,,,,2d,south side,,,
282L,over seattle,regal meridian 16,98101,,,wa,around 6 pm,this evening,zootopia,,,,,2d,south side,,,
283L,dallas,alamo draft house,,,,,5pm,tonight,deadpool,,,,,,,,,
284L,dallas,alamo drafthouse,,,,,5pm,tonight,deadpool,,,,,,,,,
285L,dallas,alamo draft house,,,,,7:55pm,tonight,deadpool,,,,,,,,,
286L,dallas,alamo drafthouse,,,,,7:55pm,tonight,deadpool,,,,,,,,,
287L,dallas,alamo draft house,,,,,10:15pm,tonight,deadpool,,,,,,,,,
288L,st louis park,,,,,mn,,tonight,deadpool,unable to book movies,,,,,,,,
289L,st louis park,,,,,mn,,tonight,deadpool,I cannot understand your reply,,,,,,,,
290L,seattle,regal meridian 16,,,,,9:25 PM,tomorrow,zoolander 2,,,,,,,,,
291L,,regency commerce 14,,,,,11:50am,tomorrow,risen,,,,,,,,,
292L,,regency commerce 14,,,,,2:30pm,tomorrow,risen,,,,,,,,,
293L,,regency commerce 14,,,,,7:50,tomorrow,risen,,,,,,,,,
294L,,regency commerce 14,,,,,10:25,tomorrow,risen,,,,,,,,,
295L,,regency commerce 14,,,,,2:30,tomorrow,risen,,,,,,,,,
296L,,,,,,,,,,purchase tickets,,,,,,,,
297L,,,,,,,,,,look up date,,,,,,,,
298L,,,,,,,,,,increased functionality,,,,,,,,
299L,portland,Living Room Theaters Regal Lloyd Center 10,,,,oregon,12:05pm,this friday,star wars,,,,,,,,,
300L,portland,century Eastport 16,,,,oregon,12:05pm,this friday,star wars,,,,,,,,,
301L,portland,regal lloyd center 10,,,,oregon,12:05pm,this friday,star wars,,,,,,,,,
302L,portland,Living Room Theaters Regal Lloyd Center 10,,,,oregon,6:25pm,this friday,star wars,,,,,,,,,
303L,portland,century Eastport 16,,,,oregon,6:25pm,this friday,star wars,,,,,,,,,
304L,portland,regal pioneer place,,,,oregon,after 5 pm,friday,zootopia,functionality,,,,3d,,,,
305L,portland,regal lloyd center 10,,,,oregon,after 5 pm,friday,zootopia,functionality,,,,3d,,,,
306L,portland,regal pioneer place,,,,oregon,after 5 pm,friday,zootopia,functionality,,,, standard,,,,
307L,portland,regal lloyd center 10,,,,oregon,after 5 pm,friday,zootopia,functionality,,,, standard,,,,
308L,portland,regal pioneer place,,,,oregon,after 5 pm,friday,zootopia,functionality,,,,standard,,,,
309L,seattle,regal meridian 16,98101,top 4,,wa,night around 8pm,tomorrow,zootopia,,,,,,,,,
310L,bellevue,regal meridian 16,98101,top 4,,wa,night around 8pm,tomorrow,zootopia,,,,,,,,,
311L,seattle,bellevue lincoln square cinemas,98101,top 4,,wa,night around 8pm,tomorrow,zootopia,,,,,,,,,
312L,bellevue,bellevue lincoln square cinemas,98101,top 4,,wa,night around 8pm,tomorrow,zootopia,,,,,,,,,
313L,seattle,regal meridian 16,98004,top 4,,wa,night around 8pm,tomorrow,zootopia,,,,,,,,,
314L,seattle,regal meridian 16,,,,,8:40pm,tonight,zootopia,name,,,,,,,,
315L,seattle,regal meridian 16,,,,,8:40pm,tonight,zootopia,Master User,,,,,,,,
316L,seattle,regal meridian 16,,,,,8:40,tonight,zootopia,name,,,,,,,,
317L,seattle,regal meridian 16,,,,,8:40,tonight,zootopia,Master User,,,,,,,,
318L,seattle,regal meridian 16,,,,,8:40pm,tonight,Zootopia,name,,,,,,,,
319L,portland,regal lloyd center 10 & IMAX,97232,,,oregon,12:05pm,friday,star wars,,,,,,,,$20 ,
320L,Portland,regal lloyd center 10 & IMAX,97232,,,oregon,12:05pm,friday,star wars,,,,,,,,$20 ,
321L,portland,CENTURY 16 EASTPORT PLAZA,97232,,,oregon,12:05pm,friday,star wars,,,,,,,,$20 ,
322L,Portland,CENTURY 16 EASTPORT PLAZA,97232,,,oregon,12:05pm,friday,star wars,,,,,,,,$20 ,
323L,portland,century 16 EASTPORT PLAZA,97232,,,oregon,12:05pm,friday,star wars,,,,,,,,$20 ,
324L,seattle,regal meridian 16,,,,,9:10 PM,tomorrow,zootopia,,,,,,,,,
325L,seattle,regal meridian 16,,,,,8:40pm tonight,tonight,zootopia,name,,,,,,,,
326L,seattle,regal meridian 16,,,,,8:40pm tonight,tonight,zootopia,master user,,,,,,,,
327L,seattle,regal meridian 16,,,,,8:40,tonight,zootopia,name,,,,,,,,
328L,seattle,regal meridian 16,,,,,8:40,tonight,zootopia,master user,,,,,,,,
329L,seattle,regal meridian 16,,,,,8:45 PM,tomorrow,hail caesar,,,,,,,,,
330L,Monroe,regal barkley village stadium 16,98272,,,wa,around 8pm,tonight,kung fu panda 3,,,,,,near me,,,
331L,Monroe,amc loews cascade mall,98272,,,wa,around 8pm,tonight,kung fu panda 3,,,,,,near me,,,
332L,Monroe,regal marysville 14,98272,,,wa,around 8pm,tonight,kung fu panda 3,,,,,,near me,,,
333L,Monroe,regal barkley village stadium 16,98272,,,wa,9:10,tonight,kung fu panda 3,,,,,,near me,,,
334L,Monroe,amc loews cascade mall,98272,,,wa,9:10,tonight,kung fu panda 3,,,,,,near me,,,
335L,cary,park west 14,,,,north carolina,around 6pm,saturday,zootopia,,appropriate for the whole family,,,3d,,,,
336L,cary,fangandgo,,,,north carolina,around 6pm,saturday,zootopia,,appropriate for the whole family,,,3d,,,,
337L,cary,Frank Theatres Parkside Town Commons Stadium 11,,,,north carolina,around 6pm,saturday,zootopia,,appropriate for the whole family,,,3d,,,,
338L,cary,Frank Theatres,,,,north carolina,around 6pm,saturday,zootopia,,appropriate for the whole family,,,3d,,,,
339L,cary,park west 14,,,,north carolina,around 6pm,saturday,zootopia,,pg,,,3d,,,,
340L,seattle,regal meridian 16,,,,,8:45 PM,tomorrow,hail caesar,name,,,,,,,,
341L,birmingham,carmike summit 16,35243,,action,al,around 2pm,today,deadpool,,,,,,,,,
342L,birmingham,carmike summit,35243,,action,al,around 2pm,today,deadpool,,,,,,,,,
343L,birmingham,carmike summit 16,35243,,action,al,2:20PM,today,deadpool,,,,,,,,,
344L,birmingham,carmike summit,35243,,action,al,2:20PM,today,deadpool,,,,,,,,,
345L,birmingham,carmike summit 16,35243,,action,al,2:20,today,deadpool,,,,,,,,,
346L,whittier,whittier village stadium cinemas,90602,,,ca,between noon and 4pm,next sunday,london has fallen,,,,,,,,,
347L,whittier,whittier village stadium cinemas,90602,,,ca,1:30pm,next sunday,london has fallen,,,,,,,,,
348L,whittier,whittier village stadium cinemas,90602,,,ca,between noon and 4pm,13-Mar,london has fallen,,,,,,,,,
349L,whittier,whittier village stadium cinemas,90602,,,ca,1:30pm,13-Mar,london has fallen,,,,,,,,,
350L,,cinemar downey,90601,,,,early,tomorrow,the witch,two,,,,,,,,
351L,,amc theaters puente hills,90601,,,,early,tomorrow,the witch,two,,,,,,,,
352L,,cinemar downey,90601,,,,10:35,tomorrow,the witch,two,,,,,,,,
353L,,amc theaters puente hills,90601,,,,10:35,tomorrow,the witch,two,,,,,,,,
354L,,cinemar downey,90601,,,,11:40 AM,tomorrow,the witch,two,,,,,,,,
355L,sparta,wehrenberg o'fallon 15 cine,62269,,romantic comedies,illinois,afternoon,tomorrow,zoolander 2,another preference,,,,,,,,
356L,Shiloh,wehrenberg o'fallon 15 cine,62269,,romantic comedies,illinois,afternoon,tomorrow,zoolander 2,another preference,,,,,,,,
357L,Belleville,wehrenberg o'fallon 15 cine,62269,,romantic comedies,illinois,afternoon,tomorrow,zoolander 2,another preference,,,,,,,,
358L,o'fallon,wehrenberg o'fallon 15 cine,62269,,romantic comedies,illinois,afternoon,tomorrow,zoolander 2,another preference,,,,,,,,
359L,fairview heights,wehrenberg o'fallon 15 cine,62269,,romantic comedies,illinois,afternoon,tomorrow,zoolander 2,another preference,,,,,,,,
360L,seattle,regal meridian 16,,,,,9:10 PM,tomorrow,zootopia,,,,,,,,,
361L,seattle,,,,,,,tomorrow night,zootopia,,,,,,,,,
362L,seattle,amc pacific place 11,98101,,,wa,6:10pm,tonight,deadpool,,,,amc,,,,,
363L,bellevue,amc pacific place 11,98101,,,wa,6:10pm,tonight,deadpool,,,,amc,,,,,
364L,seattle,bellevue lincoln square cinemas,98101,,,wa,6:10pm,tonight,deadpool,,,,amc,,,,,
365L,bellevue,bellevue lincoln square cinemas,98101,,,wa,6:10pm,tonight,deadpool,,,,amc,,,,,
366L,seattle,pacific place 11,98101,,,wa,6:10pm,tonight,deadpool,,,,amc,,,,,
367L,,,,,,,,,first,purchase tickets,,,,,,,,
368L,birmingham,carmike summit 16,,,family friendly,al,2:00 PM,saturday,zootopia,,pg,,,3d,,,,
369L,birmingham,carmike summit 16,,,family friendly,al,2:00 PM,saturday,zootopia,,pg,,,standard,,,,
370L,birmingham,carmike summit 16,,,family friendly,alabama,2:00 PM,saturday,zootopia,,pg,,,3d,,,,
371L,birmingham,carmike summit 16,,,family friendly,alabama,2:00 PM,saturday,zootopia,,pg,,,standard,,,,
372L,birmingham,carmike summit 16,,,family friendly,al,1:45pm,saturday,zootopia,,pg,,,3d,,,,
373L,seattle,bellevue lincoln square cinemas,,,,,around 2pm,saturday,zootopia,,,,,,east side,,,
374L,seattle,bellevue lincoln square,,,,,around 2pm,saturday,zootopia,,,,,,east side,,,
375L,seattle,bellevue lincoln square cinemas,,,,,2:35 PM,saturday,zootopia,,,,,,east side,,,
376L,seattle,bellevue lincoln square,,,,,2:35 PM,saturday,zootopia,,,,,,east side,,,
377L,seattle,bellevue lincoln square cinemas,,,,,2:35,saturday,zootopia,,,,,,east side,,,
378L,seattle,regal meridian 16,98004,,,wa,4:10,tonight,zootopia,,,,,2d,,,,
379L,bellevue,regal meridian 16,98004,,,wa,4:10,tonight,zootopia,,,,,2d,,,,
380L,seattle,bellevue lincoln square cinemas,98004,,,wa,4:10,tonight,zootopia,,,,,2d,,,,
381L,bellevue,bellevue lincoln square cinemas,98004,,,wa,4:10,tonight,zootopia,,,,,2d,,,,
382L,seattle,regal meridian 16,98004,,,wa,4:10,tonight,zootopia,,,,,3d,,,,
383L,albany,any,,,,ny,soonest,,whiskey tango foxtrot,,,,,,,,,
384L,albany,regal clifton park stadium,,,,ny,soonest,,whiskey tango foxtrot,,,,,,,,,
385L,albany,any,,,,ny,12:40pm,,whiskey tango foxtrot,,,,,,,,,
386L,albany,regal clifton park stadium,,,,ny,12:40pm,,whiskey tango foxtrot,,,,,,,,,
387L,portland,century eastport 16,,,,oregon,12:20pm,friday,star wars,Fandango,,,,,,,,
388L,portland,century eastport 16,,,,oregon,3:40,friday,star wars,Fandango,,,,,,,,
389L,portland,century eastport 16,,,,oregon,6:50,friday,star wars,Fandango,,,,,,,,
390L,portland,century eastport 16,,,,oregon,10:00,friday,star wars,Fandango,,,,,,,,
391L,portland,century eastport 16,,,,oregon,10 o clock,friday,star wars,Fandango,,,,,,,,
392L,,,,great reviews all around with a 84 percent on rotten tomatoes and 93 of audience members recommending it,action,,,,deadpool,,,,,,,ryan reynolds,,
393L,,,,great reviews all around with a 84 percent on rotten tomatoes and 93 of audience members recommending it,action,,,,london has fallen,,,,,,,ryan reynolds,,
394L,,,,great reviews all around with a 84 percent on rotten tomatoes and 93 of audience members recommending it,action,,,,the revenant,,,,,,,ryan reynolds,,
395L,houma,amc houma palace 10,,,comedy,louisiana,night,this week,,,,,,,,,,
396L,la,amc houma palace 10,,,comedy,louisiana,night,this week,,,,,,,,,,
397L,houma,amc houma palace 10,,,adult comedy,louisiana,night,this week,,,,,,,,,,
398L,la,amc houma palace 10,,,adult comedy,louisiana,night,this week,,,,,,,,,,
399L,houma,amc houma palace 10,,,comedy,louisiana,2:15pm,this week,,,,,,,,,,
400L,la,regal la stadium 14,,,action,ca,night,tomorrow,london has fallen,,,,,,,,,
401L,los angeles,regal la stadium 14,,,action,ca,night,tomorrow,london has fallen,,,,,,,,,
402L,la,olympic blvd,,,action,ca,night,tomorrow,london has fallen,,,,,,,,,
403L,los angeles,olympic blvd,,,action,ca,night,tomorrow,london has fallen,,,,,,,,,
404L,la,regal la stadium 14,,,action,ca,10 cloverfield lane,tomorrow,london has fallen,,,,,,,,,
405L,evanston,,,,,illinois,,,,,,,century,,local theater,,$10 ,
406L,Seattle,Regal Meridan 16 Bellevue Lincoln Square Cinemas,,,,WA,roughly every hour,tomorrow night,zootopia,,,,,regular,,,,
407L,Seattle,Pacific Science Center IMAX Theaters,,,,WA,roughly every hour,tomorrow night,zootopia,,,,,regular,,,,
408L,Seattle,regal meridan 16,,,,WA,roughly every hour,tomorrow night,zootopia,,,,,regular,,,,
409L,Seattle,Regal Meridan 16 Bellevue Lincoln Square Cinemas,,,,WA,roughly every hour,tomorrow night,zootopia,,,,,3d,,,,
410L,Seattle,Pacific Science Center IMAX Theaters,,,,WA,roughly every hour,tomorrow night,zootopia,,,,,3d,,,,
411L,,,,,,,,today,,,,,,,,,,
412L,royal oak,any,32289,,,mi,7:00,tonight,10 cloverfield lane,new release,,,amc star john r 15,,closest theater to you,,,
413L,madison heights,any,32289,,,mi,7:00,tonight,10 cloverfield lane,new release,,,amc star john r 15,,closest theater to you,,,
414L,Southfield,any,32289,,,mi,7:00,tonight,10 cloverfield lane,new release,,,amc star john r 15,,closest theater to you,,,
415L,royal oak,box office window,32289,,,mi,7:00,tonight,10 cloverfield lane,new release,,,amc star john r 15,,closest theater to you,,,
416L,madison heights,box office window,32289,,,mi,7:00,tonight,10 cloverfield lane,new release,,,amc star john r 15,,closest theater to you,,,
417L,carbondale,amc showplace carbondale,,,action,illinois,afternoon,this week,london has fallen,,,,,,,,,
418L,carbondale,Main Street Carbondale,,,action,illinois,afternoon,this week,london has fallen,,,,,,,,,
419L,carbondale,AMC UNIVERSITY PLACE 8,,,action,illinois,afternoon,this week,london has fallen,,,,,,,,,
420L,carbondale,amc showplace carbondale,,,action,illinois,afternoon,tomorrow,london has fallen,,,,,,,,,
421L,carbondale,Main Street Carbondale,,,action,illinois,afternoon,tomorrow,london has fallen,,,,,,,,,
422L,monroe,regal barkley village stadium 16,98272,,,wa,around 8pm,tonight,kung fu panda 3,,,,,,near,,,
423L,monroe,amc loews cascade mall,98272,,,wa,around 8pm,tonight,kung fu panda 3,,,,,,near,,,
424L,monroe,regal marysville 14,98272,,,wa,around 8pm,tonight,kung fu panda 3,,,,,,near,,,
425L,monroe,regal barkley village stadium 16,98272,,,wa,9:10,tonight,kung fu panda 3,,,,,,near,,,
426L,monroe,amc loews cascade mall,98272,,,wa,9:10,tonight,kung fu panda 3,,,,,,near,,,
427L,,,,,,,,,london has fallen,,,,,,,,,
428L,seattle,amc pacific place 11 600 pine s,98101,,,wa,after dinner,friday,10 cloverfield lane,place that serves seafood,,,,, seattle area,,,
429L,bellevue,amc pacific place 11 600 pine s,98101,,,wa,after dinner,friday,10 cloverfield lane,place that serves seafood,,,,, seattle area,,,
430L,seattle,bellevue lincoln square cinemas,98101,,,wa,after dinner,friday,10 cloverfield lane,place that serves seafood,,,,, seattle area,,,
431L,bellevue,bellevue lincoln square cinemas,98101,,,wa,after dinner,friday,10 cloverfield lane,place that serves seafood,,,,, seattle area,,,
432L,seattle,amc pacific place 11 600 pine s,98004,,,wa,after dinner,friday,10 cloverfield lane,place that serves seafood,,,,, seattle area,,,
433L,birmingham,carmike summit 16,,6,action,al,matinee,friday,deadpool,imdb,,,,,,,,
434L,birmingham,carmike summit 16,,5,action,al,matinee,friday,deadpool,imdb,,,,,,,,
435L,birmingham,carmike summit 16,,6,action,al,matinee,saturday,deadpool,imdb,,,,,,,,
436L,birmingham,carmike summit 16,,5,action,al,matinee,saturday,deadpool,imdb,,,,,,,,
437L,birmingham,carmike summit 16,,6,action,al,evening,friday,deadpool,imdb,,,,,,,,
438L,seattle,regal meridian sundance cinemas,,,drama,,,,eddie the eagle,,,,,,,,,
439L,seattle,regal meridian sundance cinemas,,,drama,,,,big short,,,,,,,,,
440L,seattle,regal meridian sundance cinemas,,,drama,,,,the big short,,,,,,,,,
441L,seattle,regal thornton place,,,drama,,,,eddie the eagle,,,,,,,,,
442L,seattle,regal thornton place,,,drama,,,,big short,,,,,,,,,
443L,Long Island,loews stony brook 17,,,,NY,tonight,,Deadpool,,,,,,,,,
444L,Long Island,amc loews stony brook,,,,NY,tonight,,Deadpool,,,,,,,,,
445L,Long Island,loews stony brook 17,,,,NY,7:30 PM,,Deadpool,,,,,,,,,
446L,Long Island,amc loews stony brook,,,,NY,7:30 PM,,Deadpool,,,,,,,,,
447L,Long Island,loews stony brook 17,,,,NY,8:15 PM,,Deadpool,,,,,,,,,
448L,portland,regal fox tower stadium 10,,,,oregon,after 6 pm,saturday,whiskey tango foxtrot,,,,,,,,,
449L,portland,regal fox tower stadium 10,,,,oregon,6:45,saturday,whiskey tango foxtrot,,,,,,,,,
450L,,,,,,,,,deadpool,favorite part,,,,,,,,
451L,,,,,,,,,deadpool,worth watching,,,,,,,,
452L,des moines,any,,,,iowa, around 7pm,tomorrow,zootopia,,pg,,,,,,,
453L,des moines,flix brewhouse des moines,,,,iowa, around 7pm,tomorrow,zootopia,,pg,,,,,,,
454L,des moines,carmike cobblestone 9,,,,iowa, around 7pm,tomorrow,zootopia,,pg,,,,,,,
455L,des moines,any,,,,iowa, around 7pm,tomorrow,kung fu panda 3,,pg,,,,,,,
456L,des moines,flix brewhouse des moines,,,,iowa, around 7pm,tomorrow,kung fu panda 3,,pg,,,,,,,
457L,northern san francisco,amc van ness 14,,,,ca,afternoon,tomorrow,zootopia,,,,,standard,northern part of the city,,,
458L,94109,amc van ness 14,,,,ca,afternoon,tomorrow,zootopia,,,,,standard,northern part of the city,,,
459L,northern san francisco,AMC Van Ness,,,,ca,afternoon,tomorrow,zootopia,,,,,standard,northern part of the city,,,
460L,94109,AMC Van Ness,,,,ca,afternoon,tomorrow,zootopia,,,,,standard,northern part of the city,,,
461L,northern san francisco,amc van ness,,,,ca,afternoon,tomorrow,zootopia,,,,,standard,northern part of the city,,,
462L,seattle,amc lowes oak tree 6,,,,,4:25 PM,tomorrow,risen,,,,,,,,,
463L,seattle,SIFF Cinema Uptown,,,,,7,march 11th,whiskey tango foxtrot,,,,,,,,,
464L,seattle,SIFF Cinema Uptown,,,,,7,tomorrow,whiskey tango foxtrot,,,,,,,,,
465L,seattle,Ark Lodge Cinemas,,,,,7,march 11th,whiskey tango foxtrot,,,,,,,,,
466L,seattle,Ark Lodge Cinemas,,,,,7,tomorrow,whiskey tango foxtrot,,,,,,,,,
467L,seattle,Regal Crossroads,,,,,7,march 11th,whiskey tango foxtrot,,,,,,,,,
468L,seattle,pacific place 11 theater,,,,,9:30 PM,tomorrow,room,name,,,amc,,,,,
469L,st,wehrenberg ronnies 20#imax 5320,63126,nice,romantic,mo,7:20,,how to be single,subtitiles,,,,,near here,,,
470L,louis,wehrenberg ronnies 20#imax 5320,63126,nice,romantic,mo,7:20,,how to be single,subtitiles,,,,,near here,,,
471L,sappington,wehrenberg ronnies 20#imax 5320,63126,nice,romantic,mo,7:20,,how to be single,subtitiles,,,,,near here,,,
472L,st,blvd,63126,nice,romantic,mo,7:20,,how to be single,subtitiles,,,,,near here,,,
473L,louis,blvd,63126,nice,romantic,mo,7:20,,how to be single,subtitiles,,,,,near here,,,
474L,seattle,amc pacific place 11,98101,,,wa,,21-Mar,deadpool,,,,,,,,,
475L,bellevue,amc pacific place 11,98101,,,wa,,21-Mar,deadpool,,,,,,,,,
476L,seattle,bellevue lincoln square cinemas,98101,,,wa,,21-Mar,deadpool,,,,,,,,,
477L,bellevue,bellevue lincoln square cinemas,98101,,,wa,,21-Mar,deadpool,,,,,,,,,
478L,seattle,big picture seattle,98101,,,wa,,21-Mar,deadpool,,,,,,,,,
479L,norfolk,regal macarthur center stadium 18,,,,virginia,7pm,march 12th,london has fallen,,,,,,,,,
480L,norfolk,RPX CINEMARK 18,,,,virginia,7pm,march 12th,london has fallen,,,,,,,,,
481L,norfolk,regal,,,,virginia,7pm,march 12th,london has fallen,,,,,,,,,
482L,norfolk,regal macarthur center stadium 18,,,,virginia,7:10,march 12th,london has fallen,,,,,,,,,
483L,norfolk,RPX CINEMARK 18,,,,virginia,7:10,march 12th,london has fallen,,,,,,,,,
484L,seattle,regal meridian 16,,,,,,tonight,London Has Fallen#Whiskey Tango Foxtrot#Zootopia#Eddie The Eagle#Gods of Egypt#Triple 9#The Witch#Where to Invade Next#Zoolander 2#Hail Caesar#Kung Fu Panda 3#Star Wars#The Big Short#The Danish Girl#more,many many theaters,,,,,,,,
485L,seattle,regal meridian 16,,,,,,tonight,London Has Fallen#Whiskey Tango Foxtrot#Zootopia#Eddie The Eagle#Gods of Egypt#Triple 9#The Witch#Where to Invade Next#Zoolander 2#Hail Caesar#Kung Fu Panda 3#Star Wars#The Big Short#The Danish Girl#more,different selection of movies,,,,,,,,
486L,seattle,regal meridian 16,,,,,,tonight,London Has Fallen#Whiskey Tango Foxtrot#Zootopia#Eddie The Eagle#Gods of Egypt#Triple 9#The Witch#Where to Invade Next#Zoolander 2#Hail Caesar#Kung Fu Panda 3#Star Wars#The Big Short#The Danish Girl#more,search for a theater,,,,,,,,
487L,seattle,regal meridian 16,,,,,,tonight,London Has Fallen#Whiskey Tango Foxtrot#Zootopia#Eddie The Eagle#Gods of Egypt#Triple 9#The Witch#Where to Invade Next#Zoolander 2#Hail Caesar#Kung Fu Panda 3#Star Wars#The Big Short#The Danish Girl#more,latest showing,,,,,,,,
488L,seattle,regal meridian 16,,,,,,tonight,zoolander 2,many many theaters,,,,,,,,
489L,st louis,chase park plaza cinemas,,good,kids,,afternoon,thursday,zootopia,,pg,2,,,,,,
490L,st louis,chase park plaza,,good,kids,,afternoon,thursday,zootopia,,pg,2,,,,,,
491L,st louis,chase park plaza cinemas,,4 5/5 star rating,kids,,afternoon,thursday,zootopia,,pg,2,,,,,,
492L,st louis,chase park plaza,,4 5/5 star rating,kids,,afternoon,thursday,zootopia,,pg,2,,,,,,
493L,st louis,chase park plaza cinemas,,good,kids,,11:00am,thursday,zootopia,,pg,2,,,,,,
494L,seattle,,,,,,,,,Italian restaurant,,,,,,,,
495L,seattle,amc lowes oak tree 6,,,,,7:25 PM,tomorrow,spotlight,restaurant,,,,,,,,
496L,seattle,amc lowes oak tree 6,,,,,7:25 PM,tomorrow,spotlight,restaurant booking service,,,,,,,,
497L,los angeles,regal live stadium 14,90015,,,CA,8pm,tomorrow,deadpool,,,,,,,,,
498L,Los Angeles,regal live stadium 14,90015,,,CA,8pm,tomorrow,deadpool,,,,,,,,,
499L,los angeles,regal live stadium 14,90015,,,CA,8:00 PM,tomorrow,deadpool,,,,,,,,,
500L,Los Angeles,regal live stadium 14,90015,,,CA,8:00 PM,tomorrow,deadpool,,,,,,,,,
501L,los angeles,regal live stadium 14,90015,,,CA,8pm,today,deadpool,,,,,,,,,
502L,portland,regal lloyd center 10 & IMAX,,,,oregon,any time,this weekend,batman moviename,,,,,,,,,
503L,portland,Century Eastport 16,,,,oregon,any time,this weekend,batman moviename,,,,,,,,,
504L,portland,Century Clackmas Town Center,,,,oregon,any time,this weekend,batman moviename,,,,,,,,,
505L,portland,XD,,,,oregon,any time,this weekend,batman moviename,,,,,,,,,
506L,portland,century Eastport 16,,,,oregon,any time,this weekend,batman moviename,,,,,,,,,
507L,seattle,theaters all across seattle,98101,,,wa,matinee,tomorrow,zootopia,online ticketing,,,,3d,near me,,,
508L,seattle,Regal Meridian 16,98101,,,wa,matinee,tomorrow,zootopia,online ticketing,,,,3d,near me,,,
509L,seattle,Pacific Science Center,98101,,,wa,matinee,tomorrow,zootopia,online ticketing,,,,3d,near me,,,
510L,seattle,Admiral Theater,98101,,,wa,matinee,tomorrow,zootopia,online ticketing,,,,3d,near me,,,
511L,seattle,pacific science center,98101,,,wa,matinee,tomorrow,zootopia,online ticketing,,,,3d,near me,,,
512L,bellevue,bellevue lincoln square cinemas,98004,,superhero movie,washington,8:15pm,tonight,deadpool,I can't remember,,,,,near,ryan reynolds,,
513L,bellevue,amc,98004,,superhero movie,washington,8:15pm,tonight,deadpool,I can't remember,,,,,near,ryan reynolds,,
514L,bellevue,bellevue lincoln square cinemas,98119,,superhero movie,washington,8:15pm,tonight,deadpool,I can't remember,,,,,near,ryan reynolds,,
515L,bellevue,amc,98119,,superhero movie,washington,8:15pm,tonight,deadpool,I can't remember,,,,,near,ryan reynolds,,
516L,bellevue,bellevue lincoln square cinemas,98004,,superhero movie,wa,8:15pm,tonight,deadpool,I can't remember,,,,,near,ryan reynolds,,
517L,campcreek area,,,,,,,coming saturday,,,,,,,near me,,,
518L,bellevue,regal thornton place stadium,,,,washington,between 5pm and 6pm,saturday,kung fu panda 3,,,,,3d,,,,
519L,bellevue,regal thornton place stadium,,,,washington,between 5 and 6pm,saturday,kung fu panda 3,,,,,3d,,,,
520L,bellevue,regal thornton place stadium,,,,washington,6:10pm,saturday,kung fu panda 3,,,,,3d,,,,
521L,detroit,amc star fairlane 21,,,,,7pm,tomorrow,deadpool,,,,,,,,,
522L,detroit,amc star fairlane 21,,,,,7:05,tomorrow,deadpool,,,,,,,,,
523L,,regency academy 6,,,,,around noon,tomorrow,creed,,,,,,,,,
524L,,regency academy 6,,,,,1:00pm,tomorrow,creed,,,,,,,,,
525L,los angeles,Regal LA Live Stadium 14,,,,,8pm,tomorrow,zootopia,,,,,3d,,,,
526L,los angeles,Regal LA Live Stadium 14,,,,,8pm,tomorrow,zootopia,,,,,standard,,,,
527L,los angeles,Regal LA Live Stadium 14,,,,,7:10pm,tomorrow,zootopia,,,,,3d,,,,
528L,los angeles,Regal LA Live Stadium 14,,,,,7:10pm,tomorrow,zootopia,,,,,standard,,,,
529L,seattle,,,,,,4:25 PM,tomorrow,risen,,,,amc lowes oak tree 6,,,,,
530L,arlington,cinemark tinseltown 9,,,,texas,10:05,tonight,deadpool,,,,,,,ryan reynolds,,
531L,seattle,amc pacific place 11 theater,,,,,9:30 PM,tomorrow,room,,,,,,,,,
532L,seattle,regal meridian 16,,,,,soonest upcoming showing,,whiskey tango foxtrot,name,,,,,,,,
533L,seattle,regal meridian 16,,,,,9:00pm,,whiskey tango foxtrot,name,,,,,,,,
534L,seattle,regal meridian 16,98101,,comedy,wa,7pm,tomorrow,risen race spotlight,large number of movies,,,amc loews oak tree 6,,,,,
535L,seattle,AMC LOEWS OAK TREE 6 10006 aurora,98101,,comedy,wa,7pm,tomorrow,risen race spotlight,large number of movies,,,amc loews oak tree 6,,,,,
536L,seattle,regal meridian 16,98133,,comedy,wa,7pm,tomorrow,risen race spotlight,large number of movies,,,amc loews oak tree 6,,,,,
537L,seattle,AMC LOEWS OAK TREE 6 10006 aurora,98133,,comedy,wa,7pm,tomorrow,risen race spotlight,large number of movies,,,amc loews oak tree 6,,,,,
538L,seattle,regal meridian 16,98101,,drama,wa,7pm,tomorrow,risen race spotlight,large number of movies,,,amc loews oak tree 6,,,,,
539L,birmingham,carmike summit 16,,,,al,around 2pm,today,london had fallen,,,,,,,,,
540L,birmingham,carmike summit 16,,,,al,1:35 PM,today,london had fallen,,,,,,,,,
541L,seattle,regal meridian 16,98101,top,,wa,night around 8pm,tomorrow,zootopia,rotten tomatoes,,,,,,,,
542L,bellevue,regal meridian 16,98101,top,,wa,night around 8pm,tomorrow,zootopia,rotten tomatoes,,,,,,,,
543L,seattle,bellevue lincoln square cinemas,98101,top,,wa,night around 8pm,tomorrow,zootopia,rotten tomatoes,,,,,,,,
544L,bellevue,bellevue lincoln square cinemas,98101,top,,wa,night around 8pm,tomorrow,zootopia,rotten tomatoes,,,,,,,,
545L,seattle,regal meridian 16,98004,top,,wa,night around 8pm,tomorrow,zootopia,rotten tomatoes,,,,,,,,
546L,seattle,amc lowes oak tree 6,,,,,4:50 PM,tomorrow,room,,,,,,,,,
547L,seattle,regal meridian 16,,number 1,comedy,washington,,tonight,zootopia,,,,,,near my location,,,
548L,seattle,regal meridian 16,,number 1,comedy,washington,,tonight,zootopia,,,,,,safeco field,,,
549L,seattle,regal meridian 16,,number 1,comedies,washington,,tonight,zootopia,,,,,,near my location,,,
550L,seattle,regal meridian 16,,number 1,comedies,washington,,tonight,zootopia,,,,,,safeco field,,,
551L,seattle,regal meridian 16,,number 1,comedy,washington,,tonight,Whiskey Tango Foxtrot,,,,,,near my location,,,
552L,philadelphia,The Pearl Theatre,19101,,,pa,1:30pm,tomorrow,deadpool,,,,,,near,,,
553L,philadelphia,The Pearl Theatre,19121,,,pa,1:30pm,tomorrow,deadpool,,,,,,near,,,
554L,philadelphia,The Pearl Theatre,19101,,,pa,4:30,tomorrow,deadpool,,,,,,near,,,
555L,philadelphia,The Pearl Theatre,19121,,,pa,4:30,tomorrow,deadpool,,,,,,near,,,
556L,philadelphia,The Pearl Theatre,19101,,,pa,7:30pm,tomorrow,deadpool,,,,,,near,,,
557L,princeton,amc marketfair 10,,,dramas,nj,7pm,tomorrow,eddie the eagle,,,,,,,,,
558L,princeton,amc marketfair 10,,,dramas,nj,6:45pm,tomorrow,eddie the eagle,,,,,,,,,
559L,princeton,amc marketfair 10,,,dramas,nj,7pm,tomorrow,race and risen,,,,,,,,,
560L,princeton,amc marketfair 10,,,dramas,nj,6:45pm,tomorrow,race and risen,,,,,,,,,
561L,birmingham,carmike summit 16,,,,al,around 5pm,tomorrow,deadpool,,,,,,,,,
562L,birmingham,carmike summit 16,,,,al,4:20pm,tomorrow,deadpool,,,,,,,,,
563L,birmingham,carmike summit 16,,,,al,7:20pm,tomorrow,deadpool,,,,,,,,,
564L,carbondale,amc showplace carbondale 8,62901,good,action,illinois,afternoon,tomorrow,london has fallen,,,,,,,,,
565L,carbondale,amc university place,62901,good,action,illinois,afternoon,tomorrow,london has fallen,,,,,,,,,
566L,carbondale,amc showplace carbondale 8,62901,good,action,il,afternoon,tomorrow,london has fallen,,,,,,,,,
567L,carbondale,amc university place,62901,good,action,il,afternoon,tomorrow,london has fallen,,,,,,,,,
568L,carbondale,amc showplace carbondale 8,62901,good,action,illinois,2:30pm,tomorrow,london has fallen,,,,,,,,,
569L,birmingham,carmike summit 16,35243,popular,action,al,10:00am,last weekend,zootopia,search theaters,pg,,,,,,,
570L,hoover,carmike summit 16,35243,popular,action,al,10:00am,last weekend,zootopia,search theaters,pg,,,,,,,
571L,birmingham,carmike patton creek,35243,popular,action,al,10:00am,last weekend,zootopia,search theaters,pg,,,,,,,
572L,hoover,carmike patton creek,35243,popular,action,al,10:00am,last weekend,zootopia,search theaters,pg,,,,,,,
573L,birmingham,carmike summit 16,35244,popular,action,al,10:00am,last weekend,zootopia,search theaters,pg,,,,,,,
574L,birmingham,carmike summit 16,,good,action,alabama,2:00 PM,this saturday,london has fallen,,,,,,,,,
575L,birmingham,carmike summit 16,,good,action,alabama,1:35pm,this saturday,london has fallen,,,,,,,,,
576L,birmingham,carmike summit 16,,good,action,alabama,2:00 PM,this saturday,gods of egypt,,,,,,,,,
577L,birmingham,carmike summit 16,,good,action,alabama,1:35pm,this saturday,gods of egypt,,,,,,,,,
578L,birmingham,carmike summit 16,,good,action,alabama,2:00 PM,this saturday,deadpool,,,,,,,,,
579L,seattle,regal meridian 16,,,,,8:45 PM,tomorrow,The big short,,,,,,,,,
580L,seattle,regal meridian 16,98126,,,wa,2:00pm,today,zoolander 2,cheapest,,,,,closest,,,
581L,seattle,regal meridian 16,98101,,,wa,2:00pm,today,zoolander 2,cheapest,,,,,closest,,,
582L,seattle,regal meridian 16,98126,,,wa,2:00pm,today,zoolander 2,do not know,,,,,closest,,,
583L,seattle,regal meridian 16,98101,,,wa,2:00pm,today,zoolander 2,do not know,,,,,closest,,,
584L,seattle,regal meridian 16,98126,,,wa,4:30pm,today,zoolander 2,cheapest,,,,,closest,,,
585L,,amc pacific place,98119,,,,around 8pm,friday,deadpool,,,,amc pacific place 11,,,,,
586L,,amc pacific place,98119,,,,8:10PM,friday,deadpool,,,,amc pacific place 11,,,,,
587L,buford,mall of georgia movie theater,,,comedy,georgia,10:40pm,friday,zootopia,date night,r,,,,,,,tina fey
588L,buford,mall of georgia movie theater,,,animated,georgia,10:40pm,friday,zootopia,date night,r,,,,,,,tina fey
589L,buford,mall of georgia movie theater,,,comedy,georgia,10:40pm,friday,zootopia,disney,r,,,,,,,tina fey
590L,buford,mall of georgia movie theater,,,animated,georgia,10:40pm,friday,zootopia,disney,r,,,,,,,tina fey
591L,buford,mall of georgia movie theater,,,comedy,georgia,10:40pm,friday,Whiskey Tango Foxtrot,date night,r,,,,,,,tina fey
592L,seattle,regal meridian 16,,,,,evening around 6pm,tomorrow,zootopia,,,,,,north side,,,
593L,seattle,regal thornton place,,,,,evening around 6pm,tomorrow,zootopia,,,,,,north side,,,
594L,seattle,regal meridian 16,,,,,5:20,tomorrow,zootopia,,,,,,north side,,,
595L,seattle,regal thornton place,,,,,5:20,tomorrow,zootopia,,,,,,north side,,,
596L,seattle,regal meridian 16,,,,,6:30 PM,tomorrow,zootopia,,,,,,north side,,,
597L,Fresno,current,,,action,california,a lot,12-Mar,deadpool,,,,,,,,,
598L,Fresno,Visalia,,,action,california,a lot,12-Mar,deadpool,,,,,,,,,
599L,Fresno,regal visalia stadium 10,,,action,california,a lot,12-Mar,deadpool,,,,,,,,,
600L,Fresno,current,,,action,california,a lot,weekend,deadpool,,,,,,,,,
601L,Fresno,Visalia,,,action,california,a lot,weekend,deadpool,,,,,,,,,
602L,seattle,regal meridian 16,,,,,sonnest,,whiskey tango foxtrot,name,,,,,,,,
603L,seattle,regal meridian 16,,,,,9:00pm,,whiskey tango foxtrot,name,,,,,,,,
604L,las vegas,regal colonnade 14,,,,,matinee,tomorrow,zootopia,,,,,3d#standard,,,,
605L,las vegas,regal colonnade 14,,,,,matinee,tomorrow,zootopia,,,,,3d,,,,
606L,las vegas,regal colonnade 14,,,,,1:30pm,tomorrow,zootopia,,,,,3d#standard,,,,
607L,las vegas,regal colonnade 14,,,,,1:30pm,tomorrow,zootopia,,,,,3d,,,,
608L,las vegas,regal colonnade 14,,,,,1:30,tomorrow,zootopia,,,,,3d#standard,,,,
609L,seattle,regal meridian 16,,,,virginia,9:30 PM,march 15th,zoolander 2,Fandango,,,,,,,,
610L,waynesboro,regal meridian 16,,,,virginia,9:30 PM,march 15th,zoolander 2,Fandango,,,,,,,,
611L,norfolk,regal meridian 16,,,,virginia,9:30 PM,march 15th,zoolander 2,Fandango,,,,,,,,
612L,seattle,zeus,,,,virginia,9:30 PM,march 15th,zoolander 2,Fandango,,,,,,,,
613L,waynesboro,zeus,,,,virginia,9:30 PM,march 15th,zoolander 2,Fandango,,,,,,,,
614L,la,creed,,,,,7pm,tomorrow,creed,,,,,3d,downtown,,,
615L,la,pacific sherman oaks 5,,,,,7pm,tomorrow,creed,,,,,3d,downtown,,,
616L,la,amc la mirada 7,,,,,7pm,tomorrow,creed,,,,,3d,downtown,,,
617L,la,AMC La Mirada,,,,,7pm,tomorrow,creed,,,,,3d,downtown,,,
618L,la,amc,,,,,7pm,tomorrow,creed,,,,,3d,downtown,,,
619L,birmingham,carmike summit 16,35246,,,al,2pm,today,zootopia,,,,,,,,,
620L,birmingham,15,35246,,,al,2pm,today,zootopia,,,,,,,,,
621L,birmingham,carmike summit 16,35242,,,al,2pm,today,zootopia,,,,,,,,,
622L,birmingham,15,35242,,,al,2pm,today,zootopia,,,,,,,,,
623L,birmingham,carmike summit 16,35246,,,al,1:30,today,zootopia,,,,,,,,,
624L,seattle,regal meridian 16,,,,,9:00 PM,tomorrow,spotlight,name,,,,,,,,
625L,,buford georgia,,,comedy,,night,this friday,zootopia,,r,,,,,tina fey,,
626L,,Whiskey Tango Foxtrot,,,comedy,,night,this friday,zootopia,,r,,,,,tina fey,,
627L,,mall of georgia,,,comedy,,night,this friday,zootopia,,r,,,,,tina fey,,
628L,,buford georgia,,,animated,,night,this friday,zootopia,,r,,,,,tina fey,,
629L,,Whiskey Tango Foxtrot,,,animated,,night,this friday,zootopia,,r,,,,,tina fey,,
630L,,,,,,,,june 17 2016,avengers,,,,,,,,,
631L,,finding dory,,,,,,june 17 2016,avengers,,,,,,,,,
632L,,,,,,,,june 17 2016,finding dory,,,,,,,,,
633L,,finding dory,,,,,,june 17 2016,finding dory,,,,,,,,,
634L,seattle,regal meridian 16,,,,,9:00 PM,tomorrow,spotlight,,,,,,,,,
635L,seattle,regal meridian 16,,,,,8:45 PM,tomorrow,hail caesar,,,,,,,,,
636L,seattle,regal meridian 16,,,,,8:45,tomorrow,hail caesar,,,,,,,,,
637L,birmingham,carmike 16,,,,al,2pm,today,zootopia,,,,,,,,,
638L,birmingham,carmike the summit 16,,,,al,2pm,today,zootopia,,,,,,,,,
639L,birmingham,carmike 16,,,,al,1:30pm,today,zootopia,,,,,,,,,
640L,birmingham,carmike the summit 16,,,,al,1:30pm,today,zootopia,,,,,,,,,
641L,seattle,amc pacific place 11,98101,,,wa,6:10pm,tonight,deadpool,,,,,,,,,
642L,bellevue,amc pacific place 11,98101,,,wa,6:10pm,tonight,deadpool,,,,,,,,,
643L,seattle,bellevue lincoln square cinemas,98101,,,wa,6:10pm,tonight,deadpool,,,,,,,,,
644L,bellevue,bellevue lincoln square cinemas,98101,,,wa,6:10pm,tonight,deadpool,,,,,,,,,
645L,seattle,amc pacific place 11,98004,,,wa,6:10pm,tonight,deadpool,,,,,,,,,
646L,Clear Lake,lake theater,,,,IA,7:00 PM,tomorrow,deadpool,,,,,,,,,
647L,Clear Lake,Mason city IA cinema west,,,,IA,7:00 PM,tomorrow,deadpool,,,,,,,,,
648L,Clear Lake,cinema west,,,,IA,7:00 PM,tomorrow,deadpool,,,,,,,,,
649L,Clear Lake,lake theater,,,,IA,7pm,tomorrow,deadpool,,,,,,,,,
650L,Clear Lake,Mason city IA cinema west,,,,IA,7pm,tomorrow,deadpool,,,,,,,,,
651L,du quoin,,,,thriller science fiction,illinois,anytime after 6pm,Friday the 11th,star wars,,,,amc showplace carbondale 8,,vicinity,,,
652L,carbondale,,,,thriller science fiction,illinois,anytime after 6pm,Friday the 11th,star wars,,,,amc showplace carbondale 8,,vicinity,,,
653L,Du Quoin,,,,thriller science fiction,illinois,anytime after 6pm,Friday the 11th,star wars,,,,amc showplace carbondale 8,,vicinity,,,
654L,du quoin,,,,thriller science fiction,il,anytime after 6pm,Friday the 11th,star wars,,,,amc showplace carbondale 8,,vicinity,,,
655L,carbondale,,,,thriller science fiction,il,anytime after 6pm,Friday the 11th,star wars,,,,amc showplace carbondale 8,,vicinity,,,
656L,san francisco,carmike 12,,,,pennsylvania,around 6pm,wednesday,whiskey tango foxtrot,,,,,,,,,
657L,altoona,carmike 12,,,,pennsylvania,around 6pm,wednesday,whiskey tango foxtrot,,,,,,,,,
658L,san francisco,carmike 12,,,,pennsylvania,5pm,wednesday,whiskey tango foxtrot,,,,,,,,,
659L,altoona,carmike 12,,,,pennsylvania,5pm,wednesday,whiskey tango foxtrot,,,,,,,,,
660L,san francisco,carmike 12,,,,pennsylvania,7:40pm,wednesday,whiskey tango foxtrot,,,,,,,,,
661L,seattle,,,,,,7:00 PM,tomorrow,,restaurant,,,amc pacific place 11,,,,,
662L,seattle,regal meridian 16,,,,,8:45 PM,tomorrow,hail caesar,,,,,,,,,
663L,portland,Living Room Theaters Century Eastport 16,,,,oregon,between 8 and 10 pm,friday,star wars,,,,,,,,,
664L,portland,Century Clackamas Town Center,,,,oregon,between 8 and 10 pm,friday,star wars,,,,,,,,,
665L,portland,XD,,,,oregon,between 8 and 10 pm,friday,star wars,,,,,,,,,
666L,portland,Living Room Theaters,,,,oregon,between 8 and 10 pm,friday,star wars,,,,,,,,,
667L,portland,Living Room Theaters Century Eastport 16,,,,oregon,9:25pm,friday,star wars,,,,,,,,,
668L,seattle,regal meridian 16,98126,,,wa,2:00pm,today,zoolander 2,search by movie or movie theater,,,,,closest,,cheapest,
669L,seattle,regal meridian 16,98101,,,wa,2:00pm,today,zoolander 2,search by movie or movie theater,,,,,closest,,cheapest,
670L,seattle,regal meridian 16,98126,,,wa,4:30pm,today,zoolander 2,search by movie or movie theater,,,,,closest,,cheapest,
671L,seattle,regal meridian 16,98101,,,wa,4:30pm,today,zoolander 2,search by movie or movie theater,,,,,closest,,cheapest,
672L,seattle,regal meridian 16,98126,,,wa,7:00pm,today,zoolander 2,search by movie or movie theater,,,,,closest,,cheapest,
673L,los angeles,regal la live stadium 14,,,,,8:00 PM,tonight,deadpool,,,,amc,,around the city,,,
674L,los angeles,regal la live stadium 14,,,,,12:00pm,tonight,deadpool,,,,amc,,around the city,,,
675L,los angeles,regal la live stadium 14,,,,,1:00pm,tonight,deadpool,,,,amc,,around the city,,,
676L,los angeles,regal la live stadium 14,,,,,3:00pm,tonight,deadpool,,,,amc,,around the city,,,
677L,los angeles,regal la live stadium 14,,,,,6:00pm,tonight,deadpool,,,,amc,,around the city,,,
678L,,,,,,,,weekend,,,,,,,,,,
679L,orlando,amc west oaks 14,,,,fl,around 6 pm,tomorrow,kung fu panda 3,,,,,standard,far away from disney,,,
680L,orlando,amc west oaks 14,,,,fl,around 6 pm,tomorrow,kung fu panda 3,,,,,3d,far away from disney,,,
681L,orlando,amc west oaks 14,,,,fl,1:30pm,tomorrow,kung fu panda 3,,,,,standard,far away from disney,,,
682L,orlando,amc west oaks 14,,,,fl,1:30pm,tomorrow,kung fu panda 3,,,,,3d,far away from disney,,,
683L,orlando,amc west oaks 14,,,,fl,1:30 PM,tomorrow,kung fu panda 3,,,,,standard,far away from disney,,,
684L,regency academy 6 theater,regency academy,,,,,around noon,tomorrow,creed,,,,,,,,,
685L,regency academy 6 theater,regency academy,,,,,1:00pm,tomorrow,creed,,,,,,,,,
686L,seattle,regal meridian 16,,,,,9:20 PM,tomorrow,london has fallen,indian restaurant,,,,,,,,
687L,seattle,regal meridian 16,,,,,9:20 PM,tomorrow,london has fallen, movie purchasing service,,,,,,,,
688L,seattle,regal meridian 16,,,,,9:20 PM,tomorrow,london has fallen,name,,,,,,,,
689L,seattle,regal meridian 16,,,,,9:00 PM,tomorrow,spotlight,,,,,,,,,
690L,baltimore,cinemakr egyptian 24,,,,maryland,3:20pm,friday,zootopia,,,,,3d,,,,
691L,baltimore,cinemakr egyptian 24,,,,maryland,9:45pm,friday,zootopia,,,,,3d,,,,
692L,baltimore,cinemakr egyptian 24,,,,maryland,3:20pm,11-Mar,zootopia,,,,,3d,,,,
693L,baltimore,cinemakr egyptian 24,,,,maryland,9:45pm,11-Mar,zootopia,,,,,3d,,,,
694L,baltimore,cinemakr egyptian 24,,,,maryland,3:20pm,friday,gods of egypt,,,,,3d,,,,
695L,seattle,amc lowes oak tree 6,,,,,7:25 PM,tomorrow,spotlight,restaurant,,,,,,,,
696L,seattle,amc lowes oak tree 6,,,,,7:25 PM,tomorrow,spotlight,movie ticket buying service,,,,,,,,
697L,seattle,amc lowes oak tree 6,,,,,7:25 PM,tomorrow,spotlight,restaurant booking service,,,,,,,,
698L,los angeles,pacific theatres,,,,,8:05,tomorrow night,deadpool,,,,,,,,,
699L,los angeles,pacific theatres,,,,,8:05,tomorrow,deadpool,,,,,,,,,
700L,los angeles,pacific theatres,,,,,8:05,friday,deadpool,,,,,,,,,
701L,los angeles,pacific theater,,,,,8:05,tomorrow night,deadpool,,,,,,,,,
702L,los angeles,pacific theater,,,,,8:05,tomorrow,deadpool,,,,,,,,,
703L,,cinemar downey,90601,,,,early,tomorrow,the witch,early in the day,,,,,closest,,,
704L,,amc theaters puente hills,90601,,,,early,tomorrow,the witch,early in the day,,,,,closest,,,
705L,,cinemar downey,90601,,,,early,tomorrow,the witch,two,,,,,closest,,,
706L,,amc theaters puente hills,90601,,,,early,tomorrow,the witch,two,,,,,closest,,,
707L,,cinemar downey,90601,,,,10:35,tomorrow,the witch,early in the day,,,,,closest,,,
708L,johnstown,Richland Cinemas,,,,pennsylvania,between 8 and 9pm,tomorrow,deadpool,,,,,,,,,
709L,johnstown,richland cinemas,,,,pennsylvania,between 8 and 9pm,tomorrow,deadpool,,,,,,,,,
710L,johnstown,Richland Cinemas,,,,pennsylvania,7:20pm,tomorrow,deadpool,,,,,,,,,
711L,johnstown,richland cinemas,,,,pennsylvania,7:20pm,tomorrow,deadpool,,,,,,,,,
712L,johnstown,Richland Cinemas,,,,pennsylvania,9:50 PM,tomorrow,deadpool,,,,,,,,,
713L,portland,living room theaters,,,super great day,oregon,10:00 PM,friday evening,star wars,,,,century eastport 16,3d,,,,
714L,portland,century eastport 16,,,super great day,oregon,10:00 PM,friday evening,star wars,,,,century eastport 16,3d,,,,
715L,portland,living room theaters,,,super great day,oregon,10:00 PM,friday evening,star wars,,,,century eastport 16,standard,,,,
716L,portland,century eastport 16,,,super great day,oregon,10:00 PM,friday evening,star wars,,,,century eastport 16,standard,,,,
717L,portland,living room theaters,,,super great day,oregon,9:25,friday evening,star wars,,,,century eastport 16,3d,,,,
718L,seattle,...,98101,,,washington,matinee,7th,kung fu panda 3,,pg,,,,,,,
719L,bellevue,...,98101,,,washington,matinee,7th,kung fu panda 3,,pg,,,,,,,
720L,seattle,regal meridian 16,98101,,,washington,matinee,7th,kung fu panda 3,,pg,,,,,,,
721L,bellevue,regal meridian 16,98101,,,washington,matinee,7th,kung fu panda 3,,pg,,,,,,,
722L,seattle,bellevue lincoln square cinemas,98101,,,washington,matinee,7th,kung fu panda 3,,pg,,,,,,,
723L,seattle,amc pacific place 11 theater,,,,,9:30 PM,tomorrow,room,,,,,,,,,
724L,los angeles,regal la live stadium 14,,,,,from noon to 4pm,,the witch,,,,,,,,,
725L,los angeles,regal la live stadium 14,,,,,8:30pm,,the witch,,,,,,,,,
726L,los angeles,regal la live stadium 14,,,,,11:00pm,,the witch,,,,,,,,,
727L,los angeles,regal la live stadium 14,,,,,11pm,,the witch,,,,,,,,,
728L,,Imagine theater Shelby Township,,,,,afternoon,tomorrow,star wars,,,,,,,,,
729L,philadelphia,the pearl theatre,19101,,,pa,1:30pm,tomorrow,deadpool,,,,,,near you,,,
730L,philadelphia,the pearl theatre,19121,,,pa,1:30pm,tomorrow,deadpool,,,,,,near you,,,
731L,philadelphia,the pearl theatre,19101,,,pa,4:30pm,tomorrow,deadpool,,,,,,near you,,,
732L,philadelphia,the pearl theatre,19121,,,pa,4:30pm,tomorrow,deadpool,,,,,,near you,,,
733L,philadelphia,the pearl theatre,19101,,,pa,7:30pm,tomorrow,deadpool,,,,,,near you,,,
734L,seattle,regal meridian 16,98101,,comedy,washington,night,tomorrow,zootopia,,,,,,,,,
735L,seattle,regal meridian,98101,,comedy,washington,night,tomorrow,zootopia,,,,,,,,,
736L,seattle,regal meridian 16,98101,,comedies),washington,night,tomorrow,zootopia,,,,,,,,,
737L,seattle,regal meridian,98101,,comedies),washington,night,tomorrow,zootopia,,,,,,,,,
738L,seattle,regal meridian 16,98101,,comedy,wa,night,tomorrow,zootopia,,,,,,,,,
739L,northern san francisco,amc van ness 14,,,,,2:25pm,tomorrow afternoon,kung fu panda 3,,,,,3d,,,,
740L,northern san francisco,century 20 daly city,,,,,2:25pm,tomorrow afternoon,kung fu panda 3,,,,,3d,,,,
741L,northern san francisco,amc,,,,,2:25pm,tomorrow afternoon,kung fu panda 3,,,,,3d,,,,
742L,northern san francisco,amc van ness 14,,,,,2:25pm,tomorrow afternoon,kung fu panda 3,,,,,standard,,,,
743L,northern san francisco,century 20 daly city,,,,,2:25pm,tomorrow afternoon,kung fu panda 3,,,,,standard,,,,
744L,seattle,regal meridian 16,,,,,9:10 PM,tomorrow,zootopia,,,,,3d,,,,
745L,seattle,regal meridian 16,,number 1,comedy,washington,,tonight,zootopia,safeco field,,,,,near my location,,,
746L,seattle,regal meridian 16,,number 1,comedy,washington,,tonight,zootopia,many,,,,,near my location,,,
747L,seattle,regal meridian 16,,number 1,comedies,washington,,tonight,zootopia,safeco field,,,,,near my location,,,
748L,seattle,regal meridian 16,,number 1,comedies,washington,,tonight,zootopia,many,,,,,near my location,,,
749L,seattle,regal meridian 16,,number 1,comedy,washington,,tonight,Whiskey Tango Foxtrot,safeco field,,,,,near my location,,,
750L,seattle,amc pacific place 11 theater,,,,,9:00 PM,tomorrow,deadpool,,,,,,,,,
751L,seattle,bellevue lincoln square cinemas,98004,4 5/5 stars,animated,wa,night,tomorrow,zootopia,pizza place,,2,,,,,,
752L,st louis,bellevue lincoln square cinemas,98004,4 5/5 stars,animated,wa,night,tomorrow,zootopia,pizza place,,2,,,,,,
753L,bellevue,bellevue lincoln square cinemas,98004,4 5/5 stars,animated,wa,night,tomorrow,zootopia,pizza place,,2,,,,,,
754L,seattle,bellevue lincoln square cinemas,98004,4 5/5 stars,kid,wa,night,tomorrow,zootopia,pizza place,,2,,,,,,
755L,st louis,bellevue lincoln square cinemas,98004,4 5/5 stars,kid,wa,night,tomorrow,zootopia,pizza place,,2,,,,,,
756L,knoxville,carmike 10,,,,tn,evening around 7,tomorrow,the witch,increased functionality,,,,3d,downtown,,,
757L,knoxville,please,,,,tn,evening around 7,tomorrow,the witch,increased functionality,,,,3d,downtown,,,
758L,knoxville,carmike 10,,,,tn,7:30pm,tomorrow,the witch,increased functionality,,,,3d,downtown,,,
759L,knoxville,please,,,,tn,7:30pm,tomorrow,the witch,increased functionality,,,,3d,downtown,,,
760L,seattle,amc pacific place 11 theater,,,,,10:00 PM,tomorrow,race,,,,,,,,,
761L,,mesa grand 24,85249,good,romantic comedy,,night,friday,zootopia,,,,amc theater,,,,,tina fey
762L,,mesa grand 24,85249,good,romantic comedy,,night,friday,zootopia,,,,amc ahwatukee 24,,,,,tina fey
763L,,mesa grand 24,85249,good,romantic comedy,,night,friday,zootopia,,,, amc mesa grand 24,,,,,tina fey
764L,,mesa grand,85249,good,romantic comedy,,night,friday,zootopia,,,,amc theater,,,,,tina fey
765L,,mesa grand,85249,good,romantic comedy,,night,friday,zootopia,,,,amc ahwatukee 24,,,,,tina fey
766L,seattle,regal meridian 16,98101,,drama,wa,the next,tonight,the big short,pizza restaurant,,,,,near safeco field,,,
767L,seattle,regal meridian 16,98101,,drama,wa,the next,tonight,the big short,pizza restaurant,,,,,in your area,,,
768L,seattle,regal meridian 16,98101,,drama,wa,8:45,tonight,the big short,pizza restaurant,,,,,near safeco field,,,
769L,seattle,regal meridian 16,98101,,drama,wa,8:45,tonight,the big short,pizza restaurant,,,,,in your area,,,
770L,seattle,regal meridian 16,,,,,9:10 PM,tomorrow,zootopia,,,,,,,,,
771L,safeco field,regal meridian 16,98101,,drama,wa,the next showing,tonight,the big short,restaurant,,,,,near safeco field,,,
772L,seattle,regal meridian 16,98101,,drama,wa,the next showing,tonight,the big short,restaurant,,,,,near safeco field,,,
773L,safeco field,regal meridian 16,98101,,drama,wa,the next showing,tonight,the big short,restaurant,,,,,near,,,
774L,seattle,regal meridian 16,98101,,drama,wa,the next showing,tonight,the big short,restaurant,,,,,near,,,
775L,safeco field,regal meridian 16,98101,,drama,wa,the next showing,tonight,the big short,restaurant,,,,,in your area,,,
776L,birmingham,carmike summit 16,,,,al,around 2pm,sunday,deadpool,,,,,,,,,
777L,birmingham,carmike summit 16,,,,al,2:05 PM,sunday,deadpool,,,,,,,,,
778L,,boyou vista la,,,,,night,weekend,deadpool,,,,,,,,,
779L,,boyou vista la,,,,,night,friday,deadpool,,,,,,,,,
780L,,boyou vista la,,,,,night,this weekend,deadpool,,,,,,,,,
781L,,boyou vista la,,,,,night,earlier day,deadpool,,,,,,,,,
782L,,boyou vista la,,,,,night,thursday,deadpool,,,,,,,,,
783L,miami,regal south beach,,,,,8pm,friday,brothers grimsby,,,,,,,,,
784L,miami,amc sunset place 24,,,,,8pm,friday,brothers grimsby,,,,,,,,,
785L,miami,regal south beach,,,,,7:40,friday,brothers grimsby,,,,,,,,,
786L,miami,amc sunset place 24,,,,,7:40,friday,brothers grimsby,,,,,,,,,
787L,miami,regal south beach,,,,,6:00,friday,brothers grimsby,,,,,,,,,
788L,seattle,regal meridian 16,,,,,8:45 PM,tomorrow,big short,,,,,,,,,
789L,seattle,regal meridian 16,,,,,8:45 PM,tomorrow,the big short,,,,,,,,,
790L,seattle,bellevue lincoln square cinemas,98004,4.5/5,animated,wa,evening,tomorrow night,zootopia,pizza place,,2,,,,,,
791L,st louis,bellevue lincoln square cinemas,98004,4.5/5,animated,wa,evening,tomorrow night,zootopia,pizza place,,2,,,,,,
792L,bellevue,bellevue lincoln square cinemas,98004,4.5/5,animated,wa,evening,tomorrow night,zootopia,pizza place,,2,,,,,,
793L,seattle,bellevue lincoln square cinemas,98004,4.5/5,kids,wa,evening,tomorrow night,zootopia,pizza place,,2,,,,,,
794L,st louis,bellevue lincoln square cinemas,98004,4.5/5,kids,wa,evening,tomorrow night,zootopia,pizza place,,2,,,,,,
795L,la,regency norwalk 8,,8%,horror,,7:40pm,saturday,the forest,laughable,,,,,,,,
796L,la,amc la 7,,8%,horror,,7:40pm,saturday,the forest,laughable,,,,,,,,
797L,la,amc la mirada,,8%,horror,,7:40pm,saturday,the forest,laughable,,,,,,,,
798L,la,amc la,,8%,horror,,7:40pm,saturday,the forest,laughable,,,,,,,,
799L,la,regency norwalk 8,,8%,horror,,7:40pm,saturday,the forest,rotten tomatoes,,,,,,,,
800L,st louis,wehrenberg ronnies 20 cine and imax,63126,nice,romantic,mo,7:20,,how to be single,subtitles,,,,,near here,,,
801L,sappington,wehrenberg ronnies 20 cine and imax,63126,nice,romantic,mo,7:20,,how to be single,subtitles,,,,,near here,,,
802L,st louis,wehrenberg ronnies 20 cine and imax,63126,nice,romantic,mo,7:20,,how to be single,english and chinese subtitles,,,,,near here,,,
803L,sappington,wehrenberg ronnies 20 cine and imax,63126,nice,romantic,mo,7:20,,how to be single,english and chinese subtitles,,,,,near here,,,
804L,st louis,wehrenberg ronnies 20 cine and imax,63126,nice,romantic,mo,10:05,,how to be single,subtitles,,,,,near here,,,
805L,seattle,all,98101,,,wa,around 6 pm,this evening,zootopia,,,,,2d,south side,,,
806L,bellevue,all,98101,,,wa,around 6 pm,this evening,zootopia,,,,,2d,south side,,,
807L,seattle,regal meridian 16,98101,,,wa,around 6 pm,this evening,zootopia,,,,,2d,south side,,,
808L,bellevue,regal meridian 16,98101,,,wa,around 6 pm,this evening,zootopia,,,,,2d,south side,,,
809L,seattle,bellevue lincoln square cinemas,98101,,,wa,around 6 pm,this evening,zootopia,,,,,2d,south side,,,
810L,seattle,regal meridian 16,,,,,9:30 PM,tomorrow,the witch,,,,,,,,,
811L,seattle,regal meridian 16,,,,,9:10 PM,tomorrow,zootopia,,,,,3d,,,,
812L,chico,paradise cinema 7,,,drama,ca,early afternoon,tomorrow,london has fallen,,,,,,,,,
813L,chico,tinseltown,,,drama,ca,early afternoon,tomorrow,london has fallen,,,,,,,,,
814L,chico,cinemark 14,,,drama,ca,early afternoon,tomorrow,london has fallen,,,,,,,,,
815L,chico, paradisa cinema 7,,,drama,ca,early afternoon,tomorrow,london has fallen,,,,,,,,,
816L,chico,paradise cinema 7,,,drama,ca,early afternoon,11-Mar,london has fallen,,,,,,,,,
817L,,beaver creek stadium 12,,,,,1:50,,10 cloverfield lane,matinee,,,,,,,adult price is 8,
818L,,beaver creek stadium 12,,,,,1:50,,10 cloverfield lane,matinee,,,,,,,32,
819L,,beaver creek stadium 12,,,,,1:50,,10 cloverfield lane, matinee,,,,,,,adult price is 8,
820L,,beaver creek stadium 12,,,,,1:50,,10 cloverfield lane, matinee,,,,,,,32,
821L,,beaver creek stadium 12,,,,, 4:30,,10 cloverfield lane,matinee,,,,,,,adult price is 8,
822L,seattle,regal meridian 16,,good,,wa,around 8 pm,tomorrow,zootopia,good restaurant,,,,3d,near me,,,
823L,seattle,bellevue lincoln square cinemas,,good,,wa,around 8 pm,tomorrow,zootopia,good restaurant,,,,3d,near me,,,
824L,seattle,varsity theatre,,good,,wa,around 8 pm,tomorrow,zootopia,good restaurant,,,,3d,near me,,,
825L,seattle,regal meridian 16,,good,,wa,around 8 pm,tomorrow,zootopia,good restaurant,,,,regular,near me,,,
826L,seattle,bellevue lincoln square cinemas,,good,,wa,around 8 pm,tomorrow,zootopia,good restaurant,,,,regular,near me,,,
827L,whittier village stadium cinemas,,90601,top rated,action,,closest to noon,next saturday,london has fallen,,,,,,,,,
828L,whittier village stadium cinemas,,90601,top rated,action,,closest to noon,12-Mar,london has fallen,,,,,,,,,
829L,whittier village stadium cinemas,,90601,top rated,action,,1:30pm,next saturday,london has fallen,,,,,,,,,
830L,whittier village stadium cinemas,,90601,top rated,action,,1:30pm,12-Mar,london has fallen,,,,,,,,,
831L,seattle,regal meridian 16,,,,,9:00 PM,tomorrow,spotlight,name,,,,,,,,
832L,evanston,CENTURY 12 EVANSTON/CIN\xc3\x83\xe2\x80\xb0ARTS 6 AND XD,60201,top rated,,illinois,10:45am,tomorrow,deadpool,currently,,,,,your area,,,
833L,evanston,CENTURY 12 EVANSTON/CIN\xc3\x83\xe2\x80\xb0ARTS 6 AND XD,60201,top rated,,il,10:45am,tomorrow,deadpool,currently,,,,,your area,,,
834L,evanston,CENTURY 12 EVANSTON/CIN\xc3\x83\xe2\x80\xb0ARTS 6 AND XD,60201,top rated,,illinois,12:00pm,tomorrow,deadpool,currently,,,,,your area,,,
835L,evanston,CENTURY 12 EVANSTON/CIN\xc3\x83\xe2\x80\xb0ARTS 6 AND XD,60201,top rated,,il,12:00pm,tomorrow,deadpool,currently,,,,,your area,,,
836L,evanston,CENTURY 12 EVANSTON/CIN\xc3\x83\xe2\x80\xb0ARTS 6 AND XD,60201,top rated,,illinois,2:40pm,tomorrow,deadpool,currently,,,,,your area,,,
837L,wilmington,regal mayfaire stadium 16 imax,,good,date night:,nc,8pm,saturday,the perfect match,george on the riverwak,,,,,,,,
838L,wilmington,regal mayfaire stadium 16 imax,,good,date night:,nc,8pm,saturday,the perfect match,purchase,,,,,,,,
839L,wilmington,regal mayfaire stadium 16 imax,,good,date night:,nc,after dinner,saturday,the perfect match,george on the riverwak,,,,,,,,
840L,wilmington,regal mayfaire stadium 16 imax,,good,date night:,nc,after dinner,saturday,the perfect match,purchase,,,,,,,,
841L,wilmington,regal mayfaire stadium 16 imax,,good,date night:,nc,8,saturday,the perfect match,george on the riverwak,,,,,,,,
842L,seattle,regal lloyd center century 16,97232,,,oregon,midnight,tonight,star wars the force awakens,japanese restaurant,,,,,downtown,,,
843L,portland,regal lloyd center century 16,97232,,,oregon,midnight,tonight,star wars the force awakens,japanese restaurant,,,,,downtown,,,
844L,seattle,regal movies on tv stadium 16,97232,,,oregon,midnight,tonight,star wars the force awakens,japanese restaurant,,,,,downtown,,,
845L,portland,regal movies on tv stadium 16,97232,,,oregon,midnight,tonight,star wars the force awakens,japanese restaurant,,,,,downtown,,,
846L,seattle,regal lloyd,97232,,,oregon,midnight,tonight,star wars the force awakens,japanese restaurant,,,,,downtown,,,
847L,seattle,amc lowes oak tree 6,,,,,4:50 PM,tomorrow,race,,,,,,,,,
848L,seattle,amc pacific place 11 theater,,,,,10:00 PM,tomorrow,race,,,,amc pacific place 11,,,,,
849L,,,,,,,,this weekend,,29 movies,,,,,,,,
850L,seattle,regal meridian 16,,,,,9:30 PM,tomorrow,the witch,,,,,,,,,
851L,seattle,regal meridian 16,,,,,9:30 PM,tomorrow,the witch,,,,,,,,,
852L,birmingham,carmike summit 16,,,,al,2pm,tomorrow,deadpool,,,,,,,,,
853L,birmingham,carmike summit 16,,,,al,2:20,tomorrow,deadpool,,,,,,,,,
854L,seattle,amc pacific place 11,98101,,,wa,,21-Mar,deadpool,,,,,,,,,
855L,bellevue,amc pacific place 11,98101,,,wa,,21-Mar,deadpool,,,,,,,,,
856L,seattle,bellevue lincoln square cinemas,98101,,,wa,,21-Mar,deadpool,,,,,,,,,
857L,bellevue,bellevue lincoln square cinemas,98101,,,wa,,21-Mar,deadpool,,,,,,,,,
858L,seattle,big picture seattle,98101,,,wa,,21-Mar,deadpool,,,,,,,,,
859L,birmingham,carmike summit 16,,,,al,around 2pm,thursday,deadpool,,,,,,,,,
860L,birmingham,carmike summit,,,,al,around 2pm,thursday,deadpool,,,,,,,,,
861L,birmingham,carmike summit 16,,,,al,2:20,thursday,deadpool,,,,,,,,,
862L,birmingham,carmike summit,,,,al,2:20,thursday,deadpool,,,,,,,,,
863L,birmingham,carmike summit 16,,,,al,2:20pm,thursday,deadpool,,,,,,,,,
864L,,century rowland plaza,94952,,,,from 4pm to 7pm,next friday,eddie the eagle,,,,,,,,,
865L,,century rowland plaza,94952,,,,4:20pm,next friday,eddie the eagle,,,,,,,,,
866L,,century rowland plaza,94952,,,,6:55pm,next friday,eddie the eagle,,,,,,,,,
867L,,century rowland plaza,94952,,,,4:20,next friday,eddie the eagle,,,,,,,,,
868L,whittier,whittier village stadium cinemas,90602,,,ca,between noon and 4pm,next sunday,london has fallen,,,,,,,,,
869L,whittier,whittier village stadium cinemas,90602,,,ca,1:30pm,next sunday,london has fallen,,,,,,,,,
870L,whittier,whittier village stadium cinemas,90602,,,ca,between noon and 4pm,13-Mar,london has fallen,,,,,,,,,
871L,whittier,whittier village stadium cinemas,90602,,,ca,1:30pm,13-Mar,london has fallen,,,,,,,,,
872L,lansing,ncg eastwood cinemas,,,comedy,michigan,6pm,tomorrow,zootopia,,,,,,,,,
873L,lansing,regal cinemas,,,comedy,michigan,6pm,tomorrow,zootopia,,,,,,,,,
874L,lansing,cinema lansing,,,comedy,michigan,6pm,tomorrow,zootopia,,,,,,,,,
875L,lansing,ncg eastwood cinemas,,,comedies,michigan,6pm,tomorrow,zootopia,,,,,,,,,
876L,lansing,regal cinemas,,,comedies,michigan,6pm,tomorrow,zootopia,,,,,,,,,
877L,,big picture,,,,,,,,I can bring my cat to,,,,,near the space needle,,,
878L,,big picture,,,,,,,,I can order beer in,,,,,near the space needle,,,
879L,,cinerama,,,,,,,,I can bring my cat to,,,,,near the space needle,,,
880L,,cinerama,,,,,,,,I can order beer in,,,,,near the space needle,,,
881L,,central cinema,,,,,,,,I can bring my cat to,,,,,near the space needle,,,
882L,seattle,amc elmwood palace 20,70070,,funny,,5pm,tomorrow,zootopia,,,,,,,,,
883L,seattle,amc elmwood palace 20,70070,,funny,,5:00 PM,tomorrow,zootopia,,,,,,,,,
884L,seattle,amc elmwood palace 20,70070,,comedy,,5pm,tomorrow,zootopia,,,,,,,,,
885L,seattle,amc elmwood palace 20,70070,,comedy,,5:00 PM,tomorrow,zootopia,,,,,,,,,
886L,bayou vista,fairview cinema,,,,la,night,this weekend,deadpool,,,,,,,,,
887L,bayou vista,fairview cinema,,,,la,anytime,this weekend,deadpool,,,,,,,,,
888L,bayou vista,fairview cinema,,,,la,7pm,this weekend,deadpool,,,,,,,,,
889L,bayou vista,fairview cinema,,,,la,night,friday,deadpool,,,,,,,,,
890L,bayou vista,fairview cinema,,,,la,anytime,friday,deadpool,,,,,,,,,
891L,manchester stadium 16,shields ave,,,,california,once or twice every hour,friday march 11,zootopia,,,,,,,,,
892L,manchester stadium 16,maya fresno 16,,,,california,once or twice every hour,friday march 11,zootopia,,,,,,,,,
893L,manchester stadium 16,campus pointe dr,,,,california,once or twice every hour,friday march 11,zootopia,,,,,,,,,
894L,manchester stadium 16,shields ave,,,,ca,once or twice every hour,friday march 11,zootopia,,,,,,,,,
895L,manchester stadium 16,maya fresno 16,,,,ca,once or twice every hour,friday march 11,zootopia,,,,,,,,,
896L,seattle,pacific place 11,98101,best,romance,washington,9,tonight,how to be single,date,,,amc,,,,,
897L,seattle,pacific place 11,98101,top,romance,washington,9,tonight,how to be single,date,,,amc,,,,,
898L,seattle,pacific place 11,98101,best,romance,wa,9,tonight,how to be single,date,,,amc,,,,,
899L,seattle,pacific place 11,98101,top,romance,wa,9,tonight,how to be single,date,,,amc,,,,,
900L,seattle,pacific place 11,98101,best,romance,washington,9,tonight,how to be single,don't know,,,amc,,,,,
901L,portland,Regal Pioneer Place Stadium,,,,oregon,10 pm#some time close to that,thursday,10 cloverfield lane,,,,,,,,,
902L,portland,Regal Lloyd Center 10,,,,oregon,10 pm#some time close to that,thursday,10 cloverfield lane,,,,,,,,,
903L,portland,Bagdad Theatre,,,,oregon,10 pm#some time close to that,thursday,10 cloverfield lane,,,,,,,,,
904L,portland,regal pioneer place stadium,,,,oregon,10 pm#some time close to that,thursday,10 cloverfield lane,,,,,,,,,
905L,portland,Regal Pioneer Place Stadium,,,,oregon,9:50pm,thursday,10 cloverfield lane,,,,,,,,,
906L,houma,amc houma palace 10,,,foreign,louisiana,night,this week,Whiskey Tango Foxtrot,,,,,,,,,
907L,Houma,amc houma palace 10,,,foreign,louisiana,night,this week,Whiskey Tango Foxtrot,,,,,,,,,
908L,houma,amc houma palace 10,,,comedy,louisiana,night,this week,Whiskey Tango Foxtrot,,,,,,,,,
909L,Houma,amc houma palace 10,,,comedy,louisiana,night,this week,Whiskey Tango Foxtrot,,,,,,,,,
910L,houma,amc houma palace 10,,,adult comedy,louisiana,night,this week,Whiskey Tango Foxtrot,,,,,,,,,
911L,tulare,regal visalia stadium 10,,,,california,11:20am,this weekend,10 cloverfield lane,,,,,,,,,
912L,tulare,regal visalia stadium 10,,,,california,2:00pm,this weekend,10 cloverfield lane,,,,,,,,,
913L,tulare,regal visalia stadium 10,,,,california,4:40,this weekend,10 cloverfield lane,,,,,,,,,
914L,tulare,regal visalia stadium 10,,,,california,7:20,this weekend,10 cloverfield lane,,,,,,,,,
915L,tulare,regal visalia stadium 10,,,,california,10:05,this weekend,10 cloverfield lane,,,,,,,,,
916L,sparta,wehrenberg o'fallon 15 cine,62269,,romantic comedies,illinois,afternoon,tomorrow,zoolander 2,closed,,,,,,,,
917L,shiloh,wehrenberg o'fallon 15 cine,62269,,romantic comedies,illinois,afternoon,tomorrow,zoolander 2,closed,,,,,,,,
918L,belleville,wehrenberg o'fallon 15 cine,62269,,romantic comedies,illinois,afternoon,tomorrow,zoolander 2,closed,,,,,,,,
919L,o'fallon,wehrenberg o'fallon 15 cine,62269,,romantic comedies,illinois,afternoon,tomorrow,zoolander 2,closed,,,,,,,,
920L,fairview heights,wehrenberg o'fallon 15 cine,62269,,romantic comedies,illinois,afternoon,tomorrow,zoolander 2,closed,,,,,,,,
921L,,royal oak emagine theater,,,,,between 8-10 pm,,deadpool,,,,,,,,,
922L,seattle,regal meridian 16,,,,,9:25 PM,tomorrow,zoolander 2,,,,,,,,,
923L,seattle,Big Picture Sundance Cinemas,,,comedies,,6pm,today,deadpool,serve alcohol,,,,,,,,
924L,seattle,Central Cinema,,,comedies,,6pm,today,deadpool,serve alcohol,,,,,,,,
925L,seattle,big picture,,,comedies,,6pm,today,deadpool,serve alcohol,,,,,,,,
926L,seattle,Big Picture Sundance Cinemas,,,comedies,,8:30pm,today,deadpool,serve alcohol,,,,,,,,
927L,seattle,Central Cinema,,,comedies,,8:30pm,today,deadpool,serve alcohol,,,,,,,,
928L,seattle,amc lowes oak tree 6,,,,,4:50 PM,tomorrow,,,,,,,,,,
929L,las vegas,southpoint casino,,,,,12:05pm,10-Mar,the other side of the door,,,,,,,,,
930L,las vegas,southpoint casino,,,,,2:40pm,10-Mar,the other side of the door,,,,,,,,,
931L,las vegas,southpoint casino,,,,,5:20pm,10-Mar,the other side of the door,,,,,,,,,
932L,las vegas,southpoint casino,,,,,8:05pm,10-Mar,the other side of the door,,,,,,,,,
933L,las vegas,southpoint casino,,,,,10:35pm,10-Mar,the other side of the door,,,,,,,,,
934L,chicago,,,,scary,il,,,the other side of the door,,,,,,,,,
935L,chicago,,,,scary,il,,,the witch,,,,,,,,,
936L,seattle,regal meridian 16,,,,,around 6pm,tomorrow,zootopia,,,,,,north side,,,
937L,seattle,regal thornton place,,,,,around 6pm,tomorrow,zootopia,,,,,,north side,,,
938L,seattle,regal meridian 16,,,,,5:20,tomorrow,zootopia,,,,,,north side,,,
939L,seattle,regal thornton place,,,,,5:20,tomorrow,zootopia,,,,,,north side,,,
940L,seattle,regal meridian 16,,,,,6:30 PM,tomorrow,zootopia,,,,,,north side,,,
941L,du Quoin,,,,thriller science fiction,illinois,after 6pm,friday11th,star wars,I don't know,,,amc showplace carbondale,,general,,,
942L,carbondale,,,,thriller science fiction,illinois,after 6pm,friday11th,star wars,I don't know,,,amc showplace carbondale,,general,,,
943L,du Quoin,,,,thriller science fiction,illinois,after 6pm,friday11th,star wars,I don't know,,,amc showplace carbondale,,vicinity,,,
944L,carbondale,,,,thriller science fiction,illinois,after 6pm,friday11th,star wars,I don't know,,,amc showplace carbondale,,vicinity,,,
945L,du Quoin,,,,thriller science fiction,il,after 6pm,friday11th,star wars,I don't know,,,amc showplace carbondale,,general,,,
946L,seattle,cinemark lincoln square cinemas,,,,,7:15pm,Friday the 10th,gods egypt,,,,,,,,,
947L,seattle,cinemark lincoln square cinemas,,,,,7:15pm,Friday the 10th,gods of egypt,,,,,,,,,
948L,seattle,cinemark lincoln square cinemas,,,,,7:15,Friday the 10th,gods egypt,,,,,,,,,
949L,seattle,cinemark lincoln square cinemas,,,,,7:15,Friday the 10th,gods of egypt,,,,,,,,,
950L,seattle,regal meridian 16 theater,,,,,8:45 PM,tomorrow,hail caesar,name,,,,,,,,
951L,seattle,,,,,,night,tomorrow,zootopia,,,,,,,,,
952L,seattle,amc pacific place 11 theater,,,,,10:00 PM,tomorrow,race,,,,,,,,,
953L,,amc river east 21,,,,,night,this saturday,zootopia,,,,,2d,,,,
954L,,amc river east 21,,,,,night,tomorrow,zootopia,,,,,2d,,,,
955L,,amc river east 21,,,,,6pm,this saturday,zootopia,,,,,2d,,,,
956L,,amc river east 21,,,,,6pm,tomorrow,zootopia,,,,,2d,,,,
957L,,amc river east 21,,,,,9:01pm,this saturday,zootopia,,,,,2d,,,,
958L,seattle,amc pacific place 11 theater,,,,,10:00 PM,tomorrow,race,,,,amc pacific place 11,,,,,
959L,seattle,regal meridian 16,,,,,9:20 PM,tomorrow,london has fallen,indian restaurant,,,,,,,,
960L,seattle,regal meridian 16,,,,,9:20 PM,tomorrow,london has fallen,name,,,,,,,,
961L,seattle,,,,,,,,,restaurants,,,,,,,,
962L,seattle,,,,,,,,,book movie tickets,,,,,,,,
963L,miami,cinpolis coconut grove,33133,,sci-fi,fl,around noon,tomorrow,gods of egypt,,,,,IMAX,,,,
964L,miami,COBB DOLPHIN 19 AND IMAX,33133,,sci-fi,fl,around noon,tomorrow,gods of egypt,,,,,IMAX,,,,
965L,miami,cinepolis coconut grove,33133,,sci-fi,fl,around noon,tomorrow,gods of egypt,,,,,IMAX,,,,
966L,miami,cinepolis,33133,,sci-fi,fl,around noon,tomorrow,gods of egypt,,,,,IMAX,,,,
967L,miami,cinpolis coconut grove,33172,,sci-fi,fl,around noon,tomorrow,gods of egypt,,,,,IMAX,,,,
968L,seattle,amc southcenter 16,,number 1,action,,9:30 PM,this weekend,london has fallen,,,,regency,,,,,
969L,seattle,amc southcenter 16,,number 1,action,,9:30 PM,this weekend,london has fallen,,,,amc,,,,,
970L,seattle,amc southcenter 16,,number 1,action,,9:30 PM,any day this week,london has fallen,,,,regency,,,,,
971L,seattle,amc southcenter 16,,number 1,action,,9:30 PM,any day this week,london has fallen,,,,amc,,,,,
972L,seattle,amc southcenter 16,,number 1,action,,9:30 PM,wednesday,london has fallen,,,,regency,,,,,
973L,seattle,amc lowes oak tree 6,,,,,7:15 PM,tomorrow,hail caesar,,,,,,,,,
974L,seattle,amc lowes oak tree,,,,,7:10 PM,tomorrow,triple 9,,,,,,,,,
975L,carbondale,amc showplace carbondale 8,,,thriller,illinois,right now,tuesday,the witch,before dinner,,,,,in your area,,,
976L,carbondale,amc showplace carbondale 8,,,thriller,illinois,right now,Tuesday,the witch,before dinner,,,,,in your area,,,
977L,carbondale,amc showplace carbondale 8,,,thriller,illinois,night,tuesday,the witch,before dinner,,,,,in your area,,,
978L,carbondale,amc showplace carbondale 8,,,thriller,illinois,night,Tuesday,the witch,before dinner,,,,,in your area,,,
979L,carbondale,amc showplace carbondale 8,,,thriller,illinois,anytime after 7pm,tuesday,the witch,before dinner,,,,,in your area,,,
980L,seattle,regal meridian 16,98101,,,wa,6:30pm,tonight,zootopia,,,two,regal meridian,,,,,
981L,bellevue,regal meridian 16,98101,,,wa,6:30pm,tonight,zootopia,,,two,regal meridian,,,,,
982L,seattle,bellevue lincoln square cinemas,98101,,,wa,6:30pm,tonight,zootopia,,,two,regal meridian,,,,,
983L,bellevue,bellevue lincoln square cinemas,98101,,,wa,6:30pm,tonight,zootopia,,,two,regal meridian,,,,,
984L,seattle,regal meridian,98101,,,wa,6:30pm,tonight,zootopia,,,two,regal meridian,,,,,
985L,las vegas,cCENTURY 16 SOUTH POINT AND XD,,,,nv,11:10am,tomrrow,zootopia,,,,,,,,,
986L,las vegas,Las Vegas NV 89183,,,,nv,11:10am,tomrrow,zootopia,,,,,,,,,
987L,las vegas,Century 16 South Point,,,,nv,11:10am,tomrrow,zootopia,,,,,,,,,
988L,las vegas,cCENTURY 16 SOUTH POINT AND XD,,,,nv,1:55pm,tomrrow,zootopia,,,,,,,,,
989L,las vegas,Las Vegas NV 89183,,,,nv,1:55pm,tomrrow,zootopia,,,,,,,,,
990L,seattle,amc pacific place 11 theater,,,,,9:00 PM,tomorrow,deadpool,,,,,,,,,
